,0,1,2,3,4,5,6,7,8,9,10,11,12,13,14,15,16,17,18,19,20,21,22,23,24,25,26,27,28,29
0,0.0429593927468,0.0286396349416,0.0322195743929,0.0357995138442,0.0214797560391,0.0334128875434,0.0381861401451,0.0250596954904,0.0346062006938,0.0274463217912,0.0298329480921,0.0393794532955,0.0429593927468,0.0369928269947,0.0417660795964,0.0250596954904,0.0250596954904,0.0346062006938,0.0310262612425,0.0477326453485,0.0381861401451,0.0429593927468,0.0286396349416,0.0405727664459,0.0346062006938,0.0226730691895,0.0381861401451,0.0262530086408,0.0250596954904,0.0286396349416
1,0.0357142755102,0.0257143183672,0.0342857102041,0.0214286224488,0.0457142326533,0.0342857102041,0.0285714489795,0.0414285367348,0.0314285795918,0.0457142326533,0.0257143183672,0.0257143183672,0.032857144898,0.0257143183672,0.0414285367348,0.0300000142857,0.0242857530611,0.0285714489795,0.0371428408164,0.032857144898,0.0399999714287,0.0314285795918,0.0385714061225,0.0300000142857,0.032857144898,0.0471427979594,0.0314285795918,0.0485713632656,0.0271428836734,0.0242857530611
2,0.0344262241333,0.0377048965333,0.0426229051333,0.0180328621335,0.0295082155334,0.0377048965333,0.0213115345334,0.0442622413332,0.0442622413332,0.0327868879333,0.0409835689333,0.0393442327333,0.0196721983335,0.0229508707334,0.0360655603333,0.0180328621335,0.0180328621335,0.0295082155334,0.0377048965333,0.0377048965333,0.0344262241333,0.0311475517334,0.0409835689333,0.0327868879333,0.0311475517334,0.0327868879333,0.0377048965333,0.0360655603333,0.0475409137332,0.0327868879333
3,0.033482142525,0.0297619127338,0.033482142525,0.0327380965667,0.0305059586921,0.0357142803997,0.0230654991097,0.0327380965667,0.023809545068,0.0319940506085,0.0319940506085,0.0372023723161,0.0409226021073,0.023809545068,0.0342261884832,0.0372023723161,0.0342261884832,0.0438987859402,0.0364583263579,0.0372023723161,0.0327380965667,0.0252976369844,0.0342261884832,0.0372023723161,0.0327380965667,0.0349702344414,0.0327380965667,0.0394345101908,0.0372023723161,0.0290178667756
4,0.0329368720854,0.0329368720854,0.0237877663648,0.0375114249458,0.027447408653,0.0365965143737,0.0393412460899,0.041171067234,0.0356816038016,0.0329368720854,0.0365965143737,0.0329368720854,0.0347666932296,0.0320219615134,0.0219579452206,0.0375114249458,0.027447408653,0.0292772297972,0.027447408653,0.0329368720854,0.041171067234,0.0338517826575,0.0347666932296,0.0320219615134,0.0219579452206,0.0301921403692,0.0365965143737,0.0375114249458,0.0420859778061,0.0365965143737
5,0.030612258781,0.030612258781,0.0323129303762,0.030612258781,0.0323129303762,0.0340136019714,0.0204082292097,0.0510203179235,0.0391156167571,0.0238095724001,0.0357142735666,0.0204082292097,0.0425169599475,0.0204082292097,0.0340136019714,0.0408162883523,0.0323129303762,0.0374149451618,0.0187075576145,0.0391156167571,0.0221089008049,0.0374149451618,0.0357142735666,0.0357142735666,0.0442176315427,0.0323129303762,0.0425169599475,0.0272109155906,0.0391156167571,0.0374149451618
6,0.0200730652934,0.0328467179924,0.0328467179924,0.0255474878787,0.0328467179924,0.0547444083335,0.0456203706914,0.0237226803503,0.0364963330493,0.043795563163,0.0273722954071,0.0346715255208,0.0255474878787,0.0346715255208,0.0364963330493,0.0346715255208,0.0328467179924,0.0255474878787,0.0328467179924,0.0255474878787,0.0273722954071,0.031021910464,0.0291971029356,0.0383211405777,0.031021910464,0.0419707556345,0.0291971029356,0.0273722954071,0.0510947932767,0.0346715255208
7,0.0297619068878,0.0353174591364,0.0339285710743,0.0329365081727,0.0335317459136,0.0351190465561,0.036309522038,0.0301587320484,0.0357142842971,0.0299603194681,0.0343253962349,0.0351190465561,0.0373015849395,0.0333333333333,0.0323412704318,0.0349206339758,0.0335317459136,0.0378968226805,0.0317460326909,0.0333333333333,0.0291666691468,0.0323412704318,0.0380952352608,0.0315476201105,0.0281746062453,0.0315476201105,0.0335317459136,0.0309523823696,0.0333333333333,0.0347222213955
8,0.0491328109872,0.0346820692306,0.0346820692306,0.0462426626359,0.0375722175819,0.0404623659332,0.0375722175819,0.0260116241767,0.028901772528,0.0115608824201,0.0317919208793,0.0549131076898,0.0404623659332,0.0404623659332,0.0462426626359,0.0115608824201,0.0317919208793,0.0260116241767,0.0231214758254,0.0260116241767,0.020231327474,0.0231214758254,0.0549131076898,0.0346820692306,0.0173411791227,0.0231214758254,0.0375722175819,0.0433525142846,0.0346820692306,0.0317919208793
9,0.0363391534085,0.0242261471353,0.0228802575494,0.0417227117522,0.0228802575494,0.0323014846508,0.0323014846508,0.0282638158931,0.0430686013381,0.0269179263072,0.0323014846508,0.0336473742367,0.0282638158931,0.0403768221663,0.0269179263072,0.0417227117522,0.0497980492676,0.0349932638226,0.0376850429944,0.0390309325804,0.0309555950649,0.0228802575494,0.0336473742367,0.0309555950649,0.0282638158931,0.0255720367213,0.0430686013381,0.0390309325804,0.0282638158931,0.0417227117522
10,0.0138896990403,0.0555546296682,0.0416663194589,0.0555546296682,0.0972195602961,0.0138896990403,0.0416663194589,0.0138896990403,0.0416663194589,0.0277780092496,0.0555546296682,0.0416663194589,0.0694429398775,0.0277780092496,0.0555546296682,0.0416663194589,0.0138896990403,1.38883102093e-06,0.0277780092496,0.0138896990403,0.0555546296682,0.0416663194589,0.0555546296682,0.0277780092496,0.0138896990403,0.0277780092496,0.0138896990403,1.38883102093e-06,0.0138896990403,1.38883102093e-06
11,0.0241546558841,0.0386473044881,0.0314009801861,0.0362318630541,0.0362318630541,0.0265700973181,0.0338164216201,0.0483090702241,0.0483090702241,0.0289855387521,0.0217392144501,0.0362318630541,0.0265700973181,0.0289855387521,0.0458936287901,0.0314009801861,0.0386473044881,0.0338164216201,0.0314009801861,0.0265700973181,0.0314009801861,0.0362318630541,0.0362318630541,0.0265700973181,0.0338164216201,0.0217392144501,0.0289855387521,0.0555553945261,0.0289855387521,0.0265700973181
12,0.0276753080703,0.0332103327841,0.038745357498,0.0442803822119,0.0350553410221,0.0332103327841,0.0295203163082,0.0369003492601,0.038745357498,0.0461253904499,0.0258302998323,0.0239852915943,0.0295203163082,0.0239852915943,0.0184502668804,0.0239852915943,0.0276753080703,0.0350553410221,0.0369003492601,0.0461253904499,0.0184502668804,0.038745357498,0.0350553410221,0.040590365736,0.0313653245462,0.0350553410221,0.0258302998323,0.0424353739739,0.0369003492601,0.040590365736
13,0.0349650178495,0.0349650178495,0.0209791505684,0.0349650178495,0.0314685510292,0.0209791505684,0.0279720842089,0.0349650178495,0.0489508851306,0.0209791505684,0.0314685510292,0.0244756173886,0.0104897501075,0.0314685510292,0.066433219232,0.0489508851306,0.0384614846697,0.0139862169278,0.0384614846697,0.0349650178495,0.0349650178495,0.0384614846697,0.0489508851306,0.0314685510292,0.0279720842089,0.0524473519509,0.0209791505684,0.0279720842089,0.0384614846697,0.0279720842089
14,0.0352941089966,0.026470618512,0.0338235272491,0.0441175994812,0.036764690744,0.0382352724914,0.0338235272491,0.036764690744,0.0308823637543,0.0279412002594,0.0411764359863,0.036764690744,0.0382352724914,0.0426470177337,0.0308823637543,0.0308823637543,0.0279412002594,0.0323529455017,0.036764690744,0.0220588732697,0.0176471280274,0.0308823637543,0.0308823637543,0.036764690744,0.026470618512,0.0338235272491,0.0338235272491,0.0323529455017,0.0338235272491,0.0397058542389
15,0.0357142729593,0.0321428635204,0.0339285682398,0.0285714540815,0.0285714540815,0.0446427965564,0.0339285682398,0.0410713871176,0.0267857493621,0.0464285012759,0.0357142729593,0.0374999776787,0.0285714540815,0.0303571588009,0.0196429304843,0.0357142729593,0.0482142059953,0.0285714540815,0.0339285682398,0.0321428635204,0.0285714540815,0.0232143399232,0.0285714540815,0.0267857493621,0.0357142729593,0.0392856823981,0.0374999776787,0.0482142059953,0.0232143399232,0.0267857493621
16,0.0397236532077,0.0379965397281,0.034542312769,0.0293609723303,0.0354058695088,0.0297927507002,0.0328151992895,0.0367012046185,0.0315198641798,0.0319516425497,0.0354058695088,0.0354058695088,0.0272020804809,0.0397236532077,0.0375647613583,0.0280656372207,0.0315198641798,0.0315198641798,0.0397236532077,0.0293609723303,0.038428318098,0.0293609723303,0.0310880858099,0.026770302111,0.0332469776594,0.0297927507002,0.0401554315776,0.0280656372207,0.0392918748378,0.0284974155906
17,0.0179105858754,0.0358208732459,0.0179105858754,0.0208956337704,0.0328358253508,0.0358208732459,0.0358208732459,0.0358208732459,0.0417909690361,0.0328358253508,0.0417909690361,0.0328358253508,0.0268657295606,0.0268657295606,0.0298507774557,0.0417909690361,0.0328358253508,0.0149255379803,0.0447760169312,0.0298507774557,0.0358208732459,0.0597012564067,0.0298507774557,0.0268657295606,0.0298507774557,0.0208956337704,0.038805921141,0.0477610648263,0.0417909690361,0.038805921141
18,0.0180033485924,0.0343698803443,0.0425531462202,0.0261866144683,0.0458264525706,0.0261866144683,0.0196400017676,0.0392798398699,0.0294599208187,0.0425531462202,0.0343698803443,0.0425531462202,0.0458264525706,0.0261866144683,0.0294599208187,0.0425531462202,0.0425531462202,0.0310965739939,0.0343698803443,0.0261866144683,0.0196400017676,0.0327332271691,0.0196400017676,0.0327332271691,0.040916493045,0.0392798398699,0.0245499612932,0.0425531462202,0.0376431866947,0.0310965739939
19,0.0197531870134,0.0469134796532,0.0296296570643,0.0345678920897,0.0395061271151,0.032098774577,0.0246914220388,0.0345678920897,0.0222223045261,0.0345678920897,0.0271605395516,0.0271605395516,0.0493825971659,0.0370370096024,0.0395061271151,0.0296296570643,0.0345678920897,0.0246914220388,0.0395061271151,0.0345678920897,0.0419752446278,0.0444443621405,0.0395061271151,0.0345678920897,0.0246914220388,0.0222223045261,0.0345678920897,0.032098774577,0.0296296570643,0.0345678920897
20,0.0330578526057,0.0347107369716,0.0347107369716,0.0314049682398,0.0363636213374,0.0247934307764,0.0479338118985,0.0330578526057,0.0314049682398,0.0231405464105,0.0363636213374,0.0347107369716,0.0347107369716,0.0396693900691,0.029752083874,0.0330578526057,0.0314049682398,0.0181818933129,0.029752083874,0.029752083874,0.0462809275326,0.0264463151422,0.0380165057033,0.0429751588009,0.0462809275326,0.0396693900691,0.0214876620447,0.0330578526057,0.029752083874,0.0280991995081
21,0.03282208636,0.0407975391434,0.0294478563363,0.0346625754639,0.0392637982235,0.0285276117844,0.0368098127517,0.0319018418081,0.0343558272799,0.0319018418081,0.033742330912,0.0319018418081,0.0358895681998,0.0355828200158,0.0297546045203,0.0297546045203,0.0325153381761,0.0355828200158,0.0358895681998,0.0340490790959,0.0322085899921,0.033742330912,0.0426380282472,0.0315950936241,0.0325153381761,0.0325153381761,0.0309815972562,0.03282208636,0.0303681008883,0.0254601299447
22,0.0335820867677,0.0410446897982,0.037313388283,0.0298507852524,0.0149255791913,0.037313388283,0.0522385943441,0.0298507852524,0.0335820867677,0.0522385943441,0.0223881822218,0.0410446897982,0.0410446897982,0.0186568807066,0.0298507852524,0.0559698958594,0.037313388283,0.0261194837371,0.0410446897982,0.0298507852524,0.0223881822218,0.0335820867677,0.037313388283,0.0447759913135,0.0298507852524,0.0223881822218,0.0335820867677,0.0223881822218,0.0261194837371,0.0223881822218
23,0.0363475137223,0.0354609900785,0.0359042519004,0.033244680969,0.0243794445309,0.0372340373661,0.0363475137223,0.0243794445309,0.032801419147,0.0359042519004,0.033244680969,0.0336879427909,0.033244680969,0.0296985863937,0.0323581573251,0.0345744664347,0.0319148955032,0.0323581573251,0.0274822772842,0.0345744664347,0.0385638228318,0.0372340373661,0.037677299188,0.0296985863937,0.0363475137223,0.0305851100375,0.0336879427909,0.0310283718594,0.0354609900785,0.0345744664347
24,0.0313757086668,0.0337892185296,0.0394207415429,0.024939682366,0.0386162382553,0.0370072316801,0.028962198804,0.028962198804,0.032984715242,0.032984715242,0.0281576955164,0.0394207415429,0.0345937218172,0.0378117349677,0.032984715242,0.0378117349677,0.0337892185296,0.0386162382553,0.0402252448305,0.0281576955164,0.0370072316801,0.0305712053792,0.0273531922288,0.0265486889412,0.0394207415429,0.0305712053792,0.0305712053792,0.0337892185296,0.0386162382553,0.024939682366
25,0.0348258686216,0.0339213017802,0.0248756333664,0.0330167349388,0.0275893338905,0.0420624033527,0.0293984675733,0.0375395691458,0.0275893338905,0.035730435463,0.0348258686216,0.0443238204561,0.0275893338905,0.0370872857251,0.0289461841526,0.0366350023044,0.0316598846768,0.0379918525665,0.0339213017802,0.0271370504699,0.0370872857251,0.035730435463,0.0257802002078,0.0398009862492,0.0398009862492,0.0307553178354,0.0352781520423,0.0275893338905,0.0388964194078,0.0226142162629
26,0.0319488950585,0.0351437526158,0.0191694648294,0.0479231828449,0.0447283252876,0.0319488950585,0.0383386101731,0.025559179944,0.0287540375012,0.0287540375012,0.0287540375012,0.0319488950585,0.0383386101731,0.0351437526158,0.025559179944,0.0479231828449,0.0319488950585,0.0383386101731,0.0287540375012,0.0159746072721,0.0479231828449,0.025559179944,0.0223643223867,0.0511180404022,0.0319488950585,0.0223643223867,0.0351437526158,0.025559179944,0.0351437526158,0.0479231828449
27,0.0477526874774,0.0224720016404,0.0646064780353,0.0280899318264,0.0280899318264,0.0224720016404,0.0337078620124,0.0196630365474,0.0393257921984,0.0280899318264,0.0337078620124,0.0337078620124,0.0337078620124,0.0421347572914,0.0365168271054,0.0308988969194,0.0393257921984,0.0308988969194,0.0252809667334,0.0365168271054,0.0337078620124,0.0393257921984,0.0280899318264,0.0252809667334,0.0196630365474,0.0421347572914,0.0337078620124,0.0449437223844,0.0280899318264,0.0280899318264
28,0.0276338662335,0.0302245330971,0.0405872005513,0.0414507561725,0.0423143117937,0.0293609774759,0.0302245330971,0.0233160881276,0.0362694224454,0.0250431993699,0.0354058668242,0.0328151999606,0.034542311203,0.0319516443394,0.0302245330971,0.0388600893089,0.0302245330971,0.0354058668242,0.0362694224454,0.0388600893089,0.0284974218547,0.0267703106123,0.0284974218547,0.0423143117937,0.0379965336877,0.0362694224454,0.0362694224454,0.0250431993699,0.0293609774759,0.0379965336877
29,0.0265604519504,0.0212483881206,0.034528547695,0.0504647391843,0.0424966434397,0.0305444998227,0.0385125955673,0.0398406115248,0.0292164838653,0.0305444998227,0.0398406115248,0.0332005317376,0.0292164838653,0.0398406115248,0.034528547695,0.0292164838653,0.025232435993,0.0332005317376,0.034528547695,0.0239044200355,0.0358565636525,0.0451526753545,0.0358565636525,0.0451526753545,0.025232435993,0.0305444998227,0.0239044200355,0.0305444998227,0.034528547695,0.0265604519504
30,0.043477599287,0.043477599287,0.0217398865291,0.0217398865291,0.0869530248027,2.17377127579e-06,0.043477599287,2.17377127579e-06,2.17377127579e-06,0.043477599287,0.043477599287,0.043477599287,0.0217398865291,2.17377127579e-06,0.0217398865291,0.0217398865291,0.0652153120449,0.0217398865291,2.17377127579e-06,0.043477599287,0.043477599287,0.0217398865291,0.043477599287,0.043477599287,0.0869530248027,0.043477599287,2.17377127579e-06,0.0217398865291,0.043477599287,0.0652153120449
31,0.064864353551,0.0540537180478,0.0162164937866,0.037837764793,0.0216218115382,0.0324324470414,0.0486484002962,0.0270271292898,0.0162164937866,0.0540537180478,0.0486484002962,0.0432430825446,0.0162164937866,0.0270271292898,0.0216218115382,0.0756749890542,0.0270271292898,0.0162164937866,0.064864353551,0.0216218115382,0.0270271292898,0.0270271292898,0.0270271292898,0.0162164937866,0.0324324470414,0.010811176035,0.0270271292898,0.037837764793,0.0270271292898,0.0324324470414
32,0.033962260591,0.0471697330015,0.032075478818,0.0301886970451,0.0264151334992,0.033962260591,0.0415093876827,0.0566036418662,0.0415093876827,0.0207547881804,0.0301886970451,0.0188680064075,0.0377358241368,0.0396226059098,0.0433961694556,0.0245283517263,0.0283019152722,0.0377358241368,0.0301886970451,0.0188680064075,0.0377358241368,0.033962260591,0.033962260591,0.0358490423639,0.0150944428616,0.032075478818,0.033962260591,0.0301886970451,0.0377358241368,0.0358490423639
33,0.0358592641558,0.0331529097032,0.0317997324769,0.0345060869295,0.0230040805059,0.0297699666374,0.0365358527689,0.0263870235717,0.0290933780243,0.03247632109,0.0345060869295,0.0358592641558,0.0338294983163,0.0439783275135,0.0345060869295,0.0297699666374,0.0311231438637,0.0304465552506,0.0290933780243,0.0372124413821,0.0372124413821,0.0311231438637,0.0345060869295,0.0345060869295,0.03247632109,0.0378890299952,0.0311231438637,0.0351826755426,0.0331529097032,0.0399187958346
34,0.0251798854441,0.0335731406242,0.0419663958043,0.0263789218984,0.0371702499871,0.0371702499871,0.0455635051672,0.0323741041699,0.0383692864414,0.0383692864414,0.0359712135328,0.0371702499871,0.0311750677156,0.0383692864414,0.0371702499871,0.0239808489898,0.0311750677156,0.0251798854441,0.0335731406242,0.0359712135328,0.0311750677156,0.0323741041699,0.0167866302639,0.0359712135328,0.028776994807,0.0239808489898,0.0371702499871,0.0263789218984,0.0467625416216,0.0347721770785
35,0.0377355998717,0.0566024564647,1.8866856593e-06,0.0377355998717,0.0188687432787,0.113203026244,0.0566024564647,0.0377355998717,0.0188687432787,0.0188687432787,1.8866856593e-06,1.8866856593e-06,0.0754693130578,0.0377355998717,0.0188687432787,0.0188687432787,0.0188687432787,0.0754693130578,0.0377355998717,0.0377355998717,0.0188687432787,1.8866856593e-06,0.0188687432787,0.0188687432787,0.0566024564647,0.0188687432787,0.0188687432787,0.0566024564647,0.0377355998717,0.0377355998717
36,0.0335781739299,0.0321790848068,0.02903113428,0.0293809065608,0.0353270353336,0.0395243027027,0.0251836391917,0.0307799956838,0.0388247581412,0.0314795402453,0.0384749858605,0.0360265798952,0.0300804511223,0.0402238472642,0.0307799956838,0.0332284016491,0.0300804511223,0.0297306788415,0.0374256690182,0.0349772630529,0.0363763521759,0.0398740749835,0.0381252135797,0.02903113428,0.0293809065608,0.0318293125261,0.0356768076144,0.0297306788415,0.0325288570876,0.0311297679646
37,0.0143888980813,0.0143888980813,0.0791357021071,0.0143888980813,0.0575534340985,0.0431652554261,0.0287770767537,0.0575534340985,0.0359711660899,0.0143888980813,0.0143888980813,0.0431652554261,0.00719480874513,0.0503593447623,0.0431652554261,0.0431652554261,0.0431652554261,0.0287770767537,0.0143888980813,0.0359711660899,0.0287770767537,0.00719480874513,0.0287770767537,0.0359711660899,0.0647475234347,0.0215829874175,0.0215829874175,0.0431652554261,0.0359711660899,0.0287770767537
38,0.0245023376615,0.036753429923,0.0321592703249,0.036753429923,0.0382848164557,0.0290964972596,0.0290964972596,0.0398162029883,0.0336906568576,0.0428789760537,0.0290964972596,0.0321592703249,0.0275651107269,0.0290964972596,0.0336906568576,0.0444103625864,0.0352220433903,0.0306278837923,0.0444103625864,0.0398162029883,0.036753429923,0.0275651107269,0.0275651107269,0.0229709511289,0.0275651107269,0.0245023376615,0.0352220433903,0.0321592703249,0.036753429923,0.0398162029883
39,0.0179643479458,0.0299401807153,0.0239522643306,0.0419160134848,0.059879762639,0.0299401807153,0.059879762639,0.0359280971001,0.0239522643306,0.0538918462543,0.0179643479458,0.0359280971001,0.0419160134848,0.0419160134848,0.0359280971001,0.0179643479458,0.0299401807153,0.0119764315611,0.0479039298695,0.00598851517637,0.0419160134848,0.0359280971001,0.0119764315611,0.0479039298695,0.0179643479458,0.0239522643306,0.0479039298695,0.0479039298695,0.0419160134848,0.0179643479458
40,0.0239234899993,0.0398723770062,0.0366825996048,0.0255183786999,0.0382774883055,0.0271132674006,0.0223286012986,0.0494417092103,0.0366825996048,0.0191388238972,0.0366825996048,0.0191388238972,0.0366825996048,0.0366825996048,0.0271132674006,0.0350877109041,0.0318979335027,0.0350877109041,0.0398723770062,0.0271132674006,0.030303044802,0.0382774883055,0.0494417092103,0.0271132674006,0.0462519318089,0.0223286012986,0.0478468205096,0.030303044802,0.0430621544076,0.0207337125979
41,0.0354787340377,0.0386627209488,0.0343415958552,0.0282010496695,0.0318398918536,0.0372981551298,0.029338187852,0.0291107602155,0.0336593129457,0.0277461943965,0.0347964511282,0.0325221747631,0.0338867405822,0.0352513064012,0.0359335893107,0.0366158722202,0.0336593129457,0.0300204707616,0.0320673194901,0.0334318853092,0.0345690234917,0.0329770300361,0.029338187852,0.0368432998567,0.0322947471266,0.0322947471266,0.0361610169472,0.0338867405822,0.0352513064012,0.0325221747631
42,0.0379146593745,0.0260664023715,0.0331753565733,0.0355450079739,0.023696750971,0.0450236135762,0.040284310775,0.0308057051727,0.0426539621756,0.023696750971,0.0284360537721,0.0379146593745,0.052132567778,0.0379146593745,0.0331753565733,0.0308057051727,0.0450236135762,0.023696750971,0.0331753565733,0.0284360537721,0.023696750971,0.023696750971,0.0308057051727,0.0260664023715,0.0379146593745,0.0355450079739,0.040284310775,0.0189574481698,0.0284360537721,0.0450236135762
43,0.0336662963378,0.035886049701,0.0318165018685,0.0314465429746,0.0325564196562,0.0340362552317,0.030336666293,0.0329263785501,0.0299667073991,0.0347761730194,0.0307066251869,0.0321864607623,0.0299667073991,0.0310765840807,0.0399555975336,0.030336666293,0.0336662963378,0.0314465429746,0.0336662963378,0.0355160908072,0.0281169129298,0.0355160908072,0.035886049701,0.0373658852765,0.0351461319133,0.0355160908072,0.0307066251869,0.0425453097906,0.0325564196562,0.0307066251869
44,0.0315126165171,0.0315126165171,0.0294117894215,0.0315126165171,0.0315126165171,0.0315126165171,0.0420167519953,0.0252101352302,0.0315126165171,0.0294117894215,0.0399159248996,0.0336134436128,0.0357142707084,0.0567225416647,0.021008481039,0.021008481039,0.0315126165171,0.0504200603778,0.0273109623259,0.0294117894215,0.0315126165171,0.0357142707084,0.0399159248996,0.0399159248996,0.0462184061865,0.037815097804,0.0315126165171,0.0252101352302,0.0252101352302,0.0252101352302
45,0.0488371011365,0.0279070146022,0.0418604056251,0.0372092752841,0.0255814494317,0.0488371011365,0.0255814494317,0.0372092752841,0.0279070146022,0.0209303190908,0.0418604056251,0.0348837101137,0.0302325797727,0.0279070146022,0.0395348404546,0.0558137966479,0.0279070146022,0.0279070146022,0.0302325797727,0.0348837101137,0.0302325797727,0.0232558842613,0.0348837101137,0.0209303190908,0.0372092752841,0.0348837101137,0.0302325797727,0.0279070146022,0.0325581449432,0.0348837101137
46,0.0213777574032,0.0380047173061,0.0356294373199,0.0451305572644,0.0403799972922,0.0380047173061,0.0213777574032,0.0332541573338,0.0356294373199,0.0356294373199,0.0356294373199,0.0356294373199,0.0237530373893,0.0451305572644,0.0380047173061,0.0332541573338,0.0380047173061,0.0356294373199,0.0285035973615,0.0237530373893,0.0261283173754,0.0451305572644,0.0380047173061,0.0380047173061,0.0237530373893,0.0213777574032,0.0380047173061,0.0380047173061,0.0142519174448,0.0356294373199
47,0.0387754935444,0.0336734683465,0.0285714431486,0.0377550885048,0.0346938733861,0.0265306330695,0.0357142784257,0.0367346834653,0.0265306330695,0.0316326582674,0.0346938733861,0.0326530633069,0.0336734683465,0.0255102280299,0.046938733861,0.0316326582674,0.0316326582674,0.0326530633069,0.0316326582674,0.0408163036236,0.0265306330695,0.0265306330695,0.0357142784257,0.0367346834653,0.0367346834653,0.0428571137027,0.0275510381091,0.0346938733861,0.0316326582674,0.0285714431486
48,0.0388768539297,0.0496759200264,0.0323974142716,0.0259179746136,0.0280777878329,0.0431964803684,0.0259179746136,0.0367170407103,0.0259179746136,0.034557227491,0.0280777878329,0.041036667149,0.0302376010523,0.034557227491,0.0323974142716,0.0280777878329,0.0302376010523,0.0259179746136,0.0323974142716,0.034557227491,0.0302376010523,0.0323974142716,0.0475161068071,0.034557227491,0.0367170407103,0.0323974142716,0.041036667149,0.0194385349555,0.0388768539297,0.0280777878329
49,0.0379854827331,0.0303030341831,0.0341442584581,0.0281690206969,0.0349978638525,0.0345710611553,0.0345710611553,0.0371318773386,0.0298762314858,0.0375586800358,0.0311566395775,0.0328638503664,0.0311566395775,0.0332906530636,0.0298762314858,0.0260350072108,0.0358514692469,0.0345710611553,0.0328638503664,0.0332906530636,0.0396926935219,0.0375586800358,0.0294494287886,0.0303030341831,0.0358514692469,0.0298762314858,0.0388390881275,0.0328638503664,0.0332906530636,0.0320102449719
50,0.0343053123226,0.041166340482,0.0257290271234,0.0343053123226,0.0240137700835,0.0222985130437,0.0566036538405,0.029159541203,0.0274442841632,0.029159541203,0.0274442841632,0.0394510834421,0.0325900552827,0.0325900552827,0.0394510834421,0.0325900552827,0.0274442841632,0.029159541203,0.0360205693624,0.029159541203,0.0343053123226,0.0394510834421,0.0480273686413,0.0308747982429,0.018867998964,0.0257290271234,0.0325900552827,0.0394510834421,0.0377358264023,0.0428815975218
51,0.0352112543808,0.0140846425964,0.0281690504527,0.0164320439058,0.0399060569996,0.0469482609277,0.0446008596184,0.042253458309,0.0281690504527,0.0446008596184,0.0258216491433,0.0281690504527,0.0234742478339,0.0352112543808,0.0492956622371,0.0258216491433,0.0305164517621,0.0211268465246,0.0305164517621,0.0375586556902,0.0258216491433,0.0140846425964,0.0399060569996,0.042253458309,0.0352112543808,0.0305164517621,0.0328638530715,0.0375586556902,0.0586852674746,0.0352112543808
52,0.0769210651816,0.030769349107,0.0615371598234,0.0615371598234,0.030769349107,0.0769210651816,0.030769349107,0.0153854437488,0.030769349107,0.0153854437488,0.0153854437488,0.030769349107,0.0769210651816,0.0153854437488,0.0153854437488,0.0461532544652,1.53839053582e-06,0.0153854437488,0.030769349107,0.0461532544652,0.030769349107,0.0153854437488,0.0461532544652,1.53839053582e-06,0.0153854437488,1.53839053582e-06,0.0923049705398,0.0461532544652,1.53839053582e-06,0.030769349107
53,0.0402735404099,0.0349544035994,0.0311550201633,0.0410334170971,0.037234033661,0.0319148968505,0.0311550201633,0.033434650225,0.033434650225,0.0455926772203,0.0364741569738,0.0281155134145,0.0281155134145,0.0319148968505,0.0205167465424,0.0379939103482,0.0341945269122,0.0250760066656,0.0288753901017,0.0341945269122,0.0288753901017,0.0326747735378,0.0433130471587,0.0341945269122,0.0319148968505,0.0281155134145,0.0341945269122,0.0395136637227,0.0303951434761,0.0311550201633
54,0.02675588584,0.0334448154942,0.0367892803213,0.02675588584,0.0351170479078,0.0401337451484,0.0334448154942,0.0250836534265,0.0501671396297,0.0284281182536,0.0250836534265,0.0284281182536,0.0334448154942,0.0367892803213,0.0284281182536,0.0301003506671,0.0451504423891,0.0367892803213,0.0301003506671,0.0250836534265,0.0150502589452,0.0317725830807,0.0434782099755,0.0351170479078,0.0351170479078,0.0217391885994,0.0367892803213,0.0367892803213,0.0484949072162,0.0401337451484
55,0.0251609271605,0.034523110843,0.0275014730811,0.0380339297239,0.0351082473231,0.0374487932438,0.0333528378827,0.0403744756446,0.0292568825216,0.0327677014025,0.0292568825216,0.0333528378827,0.0304271554819,0.0304271554819,0.0368636567636,0.0304271554819,0.0298420190017,0.0374487932438,0.0321825649224,0.0292568825216,0.0333528378827,0.0269163366009,0.031012291962,0.034523110843,0.0298420190017,0.0409596121247,0.0333528378827,0.0450555674858,0.0339379743628,0.0380339297239
56,0.0442707478848,0.0520831868501,0.0208334309888,0.0338541625977,0.0234375773106,0.0260417236324,0.0338541625977,0.0312500162759,0.0156251383453,0.0338541625977,0.018229284667,0.0312500162759,0.0260417236324,0.0364583089195,0.0442707478848,0.0338541625977,0.0338541625977,0.0286458699541,0.0364583089195,0.0338541625977,0.0364583089195,0.0364583089195,0.0520831868501,0.018229284667,0.041666601563,0.0286458699541,0.041666601563,0.0442707478848,0.0364583089195,0.0260417236324
57,0.0314183175449,0.035906635799,0.0287253265925,0.0421902813547,0.035906635799,0.0368042994498,0.0314183175449,0.0377019631006,0.0368042994498,0.0323159811957,0.0215440173859,0.0296229902433,0.0377019631006,0.0323159811957,0.0251346719892,0.0385996267515,0.0269299992908,0.035906635799,0.0332136448466,0.045780935958,0.0350089721482,0.0233393446876,0.0341113084974,0.0439856086564,0.035906635799,0.0350089721482,0.0448832723072,0.0350089721482,0.0179533627827,0.0188510264335
58,0.0286557159852,0.0341340065731,0.0299199368901,0.0337125996048,0.031184157795,0.0345554135414,0.0345554135414,0.0391908901927,0.0328697856682,0.0391908901927,0.031184157795,0.0290771229535,0.0273914950803,0.0362410414146,0.0332911926365,0.0391908901927,0.0345554135414,0.0299199368901,0.0366624483829,0.0345554135414,0.0307627508267,0.0328697856682,0.0349768205097,0.0366624483829,0.0332911926365,0.0282343090169,0.0299199368901,0.0379266692878,0.0307627508267,0.0345554135414
59,0.0311284068141,0.0317769146139,0.0327496763135,0.0333981841133,0.031452660714,0.0272373600155,0.0350194536127,0.0372892309119,0.0333981841133,0.0366407231121,0.0324254224137,0.0379377387117,0.0298313912146,0.0330739302134,0.0327496763135,0.0353437075126,0.0275616139154,0.0402075160108,0.0330739302134,0.0356679614125,0.0340466919131,0.031452660714,0.0333981841133,0.0346951997128,0.0291828834148,0.0366407231121,0.0359922153124,0.0285343756151,0.0333981841133,0.0346951997128
60,0.0328685272853,0.0328685272853,0.030876501365,0.0398406180061,0.0338645402454,0.0318725143252,0.038844605046,0.0298804884049,0.0378485920859,0.0378485920859,0.0278884624847,0.0328685272853,0.0398406180061,0.0209163717638,0.0318725143252,0.0278884624847,0.0368525791258,0.0318725143252,0.0239044106442,0.0258964365644,0.0408366309662,0.0358565661656,0.0408366309662,0.0338645402454,0.0338645402454,0.0229083976841,0.0408366309662,0.0438246698466,0.0408366309662,0.0199203588037
61,0.027985089594,0.0345149220664,0.0270522563836,0.0335820888561,0.0251865899629,0.0317164224354,0.0317164224354,0.0270522563836,0.030783589225,0.0335820888561,0.0373134216975,0.0251865899629,0.0251865899629,0.0242537567525,0.0335820888561,0.0401119213286,0.0251865899629,0.0345149220664,0.0261194231733,0.0373134216975,0.04384325417,0.0429104209596,0.0382462549079,0.0363805884872,0.0345149220664,0.0373134216975,0.0373134216975,0.0354477552768,0.0457089205907,0.0363805884872
62,0.0355648507554,0.0322175746223,0.031380755589,0.0343096222055,0.0330543936556,0.0359832602721,0.0347280317221,0.026778250906,0.0297071175224,0.0334728031722,0.0389121268885,0.0322175746223,0.0364016697887,0.0368200793053,0.0343096222055,0.0355648507554,0.0301255270391,0.0347280317221,0.0343096222055,0.0380753078553,0.0242677938061,0.0364016697887,0.0351464412388,0.031380755589,0.0292887080058,0.0297071175224,0.0401673554385,0.0322175746223,0.0305439365557,0.0322175746223
63,0.0392720135862,0.0450191235083,0.030651348703,0.0373563102788,0.030651348703,0.0296934970493,0.0383141619325,0.0383141619325,0.0354406069714,0.0268199420883,0.0431034202009,0.0344827553178,0.0258620904346,0.0354406069714,0.0354406069714,0.0249042387809,0.0239463871272,0.0316092003567,0.0421455685472,0.0316092003567,0.0229885354736,0.0363984586251,0.0363984586251,0.0316092003567,0.030651348703,0.0431034202009,0.030651348703,0.0373563102788,0.0316092003567,0.0191571288588
64,0.0333333333333,0.0333333333333,0.0333333333333,0.0333333333333,0.0833308334583,1.6665833375e-06,0.0333333333333,0.0499991667083,0.0499991667083,0.0833308334583,0.0333333333333,0.0333333333333,0.0166674999583,0.0499991667083,0.0499991667083,0.0166674999583,1.6665833375e-06,0.0166674999583,0.0333333333333,1.6665833375e-06,0.0333333333333,0.0166674999583,0.0666650000833,0.0166674999583,0.0333333333333,0.0499991667083,0.0333333333333,1.6665833375e-06,1.6665833375e-06,0.0666650000833
65,0.043731687478,0.0379008346866,0.0291545554995,0.0379008346866,0.0174928499168,0.0320699818952,0.0495625402693,0.0320699818952,0.0262391291038,0.0408162610823,0.0233237027081,0.0408162610823,0.0291545554995,0.0174928499168,0.0466471138736,0.0320699818952,0.0379008346866,0.0320699818952,0.0262391291038,0.0408162610823,0.0379008346866,0.0466471138736,0.0145774235211,0.0233237027081,0.0495625402693,0.0320699818952,0.0320699818952,0.0262391291038,0.0349854082909,0.0291545554995
66,0.0275081047538,0.0275081047538,0.038025878578,0.0412621166777,0.0258899857039,0.0323624619034,0.0355987000032,0.037216819053,0.037216819053,0.0339805809533,0.0315534023785,0.0347896404782,0.0283171642787,0.0364077595281,0.0339805809533,0.024271866654,0.0323624619034,0.0347896404782,0.0364077595281,0.037216819053,0.0355987000032,0.0331715214283,0.0420711762026,0.0291262238037,0.0355987000032,0.0234628071291,0.037216819053,0.0364077595281,0.0291262238037,0.0315534023785
67,0.0434782099755,0.0284281182536,0.0284281182536,0.0384615127349,0.0334448154942,0.0200669561858,0.0434782099755,0.0367892803213,0.0234114210129,0.0367892803213,0.0384615127349,0.0484949072162,0.0334448154942,0.0317725830807,0.0301003506671,0.0367892803213,0.0317725830807,0.02675588584,0.0317725830807,0.0183947237723,0.0351170479078,0.0301003506671,0.0250836534265,0.0401337451484,0.0301003506671,0.0384615127349,0.0367892803213,0.0351170479078,0.0401337451484,0.0284281182536
68,0.0306122657225,0.0306122657225,0.0280612648373,0.0255102639521,0.0204082621817,0.0280612648373,0.0357142674929,0.0331632666077,0.0357142674929,0.0280612648373,0.0229592630669,0.0484692719188,0.0280612648373,0.0255102639521,0.038265268378,0.0561222745744,0.0306122657225,0.0306122657225,0.0280612648373,0.0306122657225,0.0357142674929,0.0433672701484,0.0408162692632,0.0408162692632,0.0280612648373,0.0280612648373,0.0408162692632,0.0331632666077,0.0459182710336,0.0280612648373
69,0.033557046079,0.0281879401828,0.0416107049233,0.0295302166568,0.0348993225531,0.0402684284493,0.0469798108196,0.0241611107606,0.0268456637087,0.032214769605,0.0268456637087,0.033557046079,0.033557046079,0.0295302166568,0.033557046079,0.0295302166568,0.033557046079,0.0295302166568,0.0416107049233,0.0416107049233,0.0348993225531,0.0295302166568,0.0348993225531,0.0375838755012,0.032214769605,0.0241611107606,0.0416107049233,0.0255033872347,0.0362415990271,0.032214769605
70,0.0337711057098,0.0215760180787,0.0253283527345,0.0290806873902,0.0412757750213,0.0290806873902,0.0328330220459,0.0347091893738,0.0384615240295,0.031894938382,0.0290806873902,0.0328330220459,0.0328330220459,0.0337711057098,0.0403376913573,0.0393996076934,0.0412757750213,0.031894938382,0.0272045200623,0.0253283527345,0.0253283527345,0.0403376913573,0.0375234403656,0.031894938382,0.0328330220459,0.0253283527345,0.0328330220459,0.0393996076934,0.0403376913573,0.0422138586852
71,0.0365384430474,0.0403845747044,0.0326923113905,0.030769245562,0.0288461797336,0.0384615088759,0.0288461797336,0.0384615088759,0.0250000480766,0.034615377219,0.0423076405328,0.034615377219,0.0461537721898,0.0269231139051,0.0384615088759,0.0250000480766,0.030769245562,0.0365384430474,0.0365384430474,0.0269231139051,0.0288461797336,0.0365384430474,0.0326923113905,0.0480768380182,0.0288461797336,0.0250000480766,0.0250000480766,0.0269231139051,0.0326923113905,0.0365384430474
72,0.0549443424942,0.0109897475907,0.0109897475907,0.0329670450425,0.0219783963166,0.0219783963166,0.0659329912201,0.0219783963166,0.0109897475907,0.0329670450425,0.0329670450425,0.0439556937683,0.0439556937683,1.09886487259e-06,0.0439556937683,0.0439556937683,0.0879102886718,0.0109897475907,0.0329670450425,0.0439556937683,0.0439556937683,0.0109897475907,0.0109897475907,0.0109897475907,0.0769216399459,0.0549443424942,0.0329670450425,0.0219783963166,0.0329670450425,0.0329670450425
73,0.0361871063007,0.0441305980655,0.0273610043398,0.0255957839476,0.0255957839476,0.0344218859085,0.0273610043398,0.0344218859085,0.0264783941437,0.0326566655163,0.0353044961046,0.0264783941437,0.0353044961046,0.0353044961046,0.0361871063007,0.0379523266929,0.0308914451242,0.0414827674772,0.0326566655163,0.0353044961046,0.0414827674772,0.0344218859085,0.0300088349281,0.0308914451242,0.0308914451242,0.0432479878694,0.0273610043398,0.0344218859085,0.0379523266929,0.0282436145359
74,0.0197371104518,0.0394735630218,0.0263159279751,0.0328947454984,0.0263159279751,0.00657947540509,0.0394735630218,0.0131582929284,0.0197371104518,0.0394735630218,0.0592100155918,0.0592100155918,0.0197371104518,0.0723676506385,0.0197371104518,0.0394735630218,0.0328947454984,0.0394735630218,0.0263159279751,0.0394735630218,0.0131582929284,0.0197371104518,0.0328947454984,0.0394735630218,0.0263159279751,0.0394735630218,0.0263159279751,0.0592100155918,0.0526311980685,0.0197371104518
75,0.0209974724608,0.0314960774587,0.0367453799576,0.0288714262092,0.0367453799576,0.0288714262092,0.0341207287082,0.0419946824566,0.0314960774587,0.0288714262092,0.0183728212114,0.049868636205,0.0314960774587,0.044619333706,0.0236221237103,0.0341207287082,0.0209974724608,0.0472439849555,0.0236221237103,0.0209974724608,0.0393700312071,0.0209974724608,0.0262467749598,0.0341207287082,0.0472439849555,0.0577425899534,0.0367453799576,0.0393700312071,0.0314960774587,0.0314960774587
76,0.0316881673964,0.0342120015042,0.0322490194203,0.0333707234683,0.0403813737678,0.0328098714443,0.0308468893604,0.0356141315641,0.0353337055521,0.0328098714443,0.0308468893604,0.0381379656719,0.0342120015042,0.0336511494802,0.036735835612,0.0325294454323,0.0255187951328,0.0364554096,0.0325294454323,0.0328098714443,0.0314077413844,0.0305664633485,0.0347728535282,0.0319685934084,0.0333707234683,0.0398205217438,0.0314077413844,0.0322490194203,0.0333707234683,0.0283230552526
77,0.0351486210792,0.0262529879022,0.0362334543935,0.0334128877764,0.0368843543821,0.0342807544278,0.0318941211364,0.0344977210907,0.0305923211593,0.0344977210907,0.029507487845,0.0305923211593,0.0301583878336,0.0314601878107,0.0338468211021,0.0381861543592,0.0381861543592,0.0351486210792,0.0386200876849,0.0297244545078,0.0316771544735,0.0353655877421,0.0321110877992,0.0305923211593,0.0342807544278,0.0273378212164,0.0349316544164,0.0340637877649,0.0366673877192,0.0338468211021
78,0.0331457162485,0.0340838016725,0.0347091919551,0.0350218870964,0.0343964968138,0.0287679842702,0.0328330211072,0.0340838016725,0.0337711065312,0.0362726676617,0.0340838016725,0.0393996190748,0.0325203259659,0.0334584113899,0.0328330211072,0.0297060696941,0.0337711065312,0.0362726676617,0.0284552891289,0.0343964968138,0.026579118281,0.0300187648354,0.0350218870964,0.0368980579443,0.0340838016725,0.0306441551181,0.0353345822377,0.0347091919551,0.0309568502594,0.0337711065312
79,0.031250005008,0.0320512851331,0.0320512851331,0.0288461646326,0.031250005008,0.0296474447577,0.0400640863844,0.0264423242572,0.0448717671352,0.0328525652583,0.0264423242572,0.0288461646326,0.0272436043824,0.0384615261342,0.0280448845075,0.0384615261342,0.0264423242572,0.0408653665095,0.0280448845075,0.0344551255085,0.0296474447577,0.0432692068849,0.037660246009,0.0328525652583,0.0328525652583,0.0416666466347,0.0400640863844,0.0384615261342,0.0232372037567,0.0336538453834
80,0.035467441542,0.0298290306499,0.034921788875,0.0329210624294,0.0305565675392,0.0289196095382,0.0329210624294,0.035467441542,0.0285558410936,0.035467441542,0.0365587468759,0.0323754097624,0.0323754097624,0.0321935255401,0.0329210624294,0.0323754097624,0.0314659886508,0.034921788875,0.0345580204303,0.035467441542,0.0325572939847,0.0369225153206,0.0309203359838,0.034921788875,0.0318297570954,0.0363768626536,0.0356493257643,0.0327391782071,0.0321935255401,0.0356493257643
81,0.0359628678787,0.0290023352587,0.0266821577187,0.0266821577187,0.0336426903387,0.0336426903387,0.0533641994285,0.0429234004986,0.0394431341886,0.0290023352587,0.0359628678787,0.0336426903387,0.0255220689487,0.0406032229586,0.0348027791087,0.0371229566486,0.0348027791087,0.0324826015687,0.0301624240287,0.0359628678787,0.0290023352587,0.0278422464887,0.0406032229586,0.0324826015687,0.0313225127987,0.0301624240287,0.0324826015687,0.0359628678787,0.0255220689487,0.0232018914087
82,0.0443684876947,0.0273038160019,0.0238908816633,0.0409555533561,0.0477814220332,0.0375426190176,0.0204779473248,0.0307167503404,0.0409555533561,0.0375426190176,0.0546072907103,0.0307167503404,0.034129684679,0.034129684679,0.0204779473248,0.0204779473248,0.0443684876947,0.0273038160019,0.034129684679,0.034129684679,0.0204779473248,0.0409555533561,0.034129684679,0.0511943563718,0.0409555533561,0.0136520786477,0.0409555533561,0.0238908816633,0.0136520786477,0.034129684679
83,0.0438756277388,0.0329067665077,0.0383911971232,0.0329067665077,0.0292504794306,0.0274223358921,0.0329067665077,0.0329067665077,0.0292504794306,0.0274223358921,0.0347349100462,0.0420474842003,0.0329067665077,0.0310786229692,0.016453474661,0.0292504794306,0.0310786229692,0.0475319148158,0.0383911971232,0.0310786229692,0.0347349100462,0.0255941923536,0.0347349100462,0.0329067665077,0.0383911971232,0.0420474842003,0.0274223358921,0.0255941923536,0.0365630535847,0.0402193406618
84,0.0427807297178,0.0320855639995,0.0314171161421,0.0274064289978,0.0287433247126,0.0287433247126,0.0334224597143,0.02941177257,0.0300802204274,0.0300802204274,0.041443834003,0.0360962511439,0.0434491775752,0.0340909075717,0.0360962511439,0.0401069382882,0.0327540118569,0.0267379811404,0.0327540118569,0.026069533283,0.0307486682848,0.0401069382882,0.0387700425734,0.0274064289978,0.0394384904308,0.0347593554291,0.0247326375682,0.0300802204274,0.0401069382882,0.0300802204274
85,0.0276073795275,0.0368098052869,0.0429447557932,0.0235174125233,0.0296523630296,0.0255623960254,0.038854788789,0.0337423300338,0.0276073795275,0.0276073795275,0.0368098052869,0.038854788789,0.0327198382827,0.0306748547806,0.03987728054,0.0429447557932,0.0337423300338,0.0286298712785,0.0327198382827,0.0378322970379,0.0224949207722,0.038854788789,0.0368098052869,0.0286298712785,0.0357873135358,0.0255623960254,0.0265848877764,0.03987728054,0.0378322970379,0.038854788789
86,0.0336749618962,0.0322108394839,0.0292825946592,0.0366032067209,0.0307467170715,0.0439238187826,0.0204978601851,0.0351390843086,0.0307467170715,0.0322108394839,0.0395314515456,0.0322108394839,0.0234261050098,0.0395314515456,0.0263543498345,0.0307467170715,0.0409955739579,0.0380673291333,0.0439238187826,0.0380673291333,0.0322108394839,0.0234261050098,0.0307467170715,0.0439238187826,0.0248902274221,0.0307467170715,0.0351390843086,0.0336749618962,0.0336749618962,0.0336749618962
87,0.0317579406667,0.0305076290265,0.0327581899789,0.0305076290265,0.0365091248994,0.0375093742115,0.0352588132592,0.033758439291,0.0325081276508,0.0297574420424,0.0347586886031,0.0317579406667,0.0330082523069,0.0370092495555,0.0322580653228,0.0347586886031,0.0367591872274,0.0320080029947,0.0342585639471,0.0322580653228,0.0352588132592,0.0285071304023,0.0322580653228,0.0327581899789,0.0315078783387,0.0330082523069,0.0317579406667,0.0342585639471,0.0347586886031,0.0362590625713
88,0.0365168494614,0.0351123570519,0.0304307156872,0.0337078646425,0.0355805211884,0.0271535667319,0.034176028779,0.033239700506,0.0304307156872,0.0346441929155,0.0313670439601,0.0327715363696,0.0318352080966,0.0257490743225,0.0365168494614,0.0369850135978,0.0402621625531,0.0299625515507,0.0266854025954,0.0374531777343,0.042134819099,0.0369850135978,0.0313670439601,0.0318352080966,0.0276217308684,0.0374531777343,0.0313670439601,0.0299625515507,0.0346441929155,0.0360486853249
89,0.0311418912606,0.0242215478732,0.0346020629544,0.0276817195669,0.0242215478732,0.0173012044858,0.0380622346481,0.0346020629544,0.0311418912606,0.0207613761795,0.0242215478732,0.0380622346481,0.0484427497292,0.00692068940461,0.0380622346481,0.0380622346481,0.0311418912606,0.0449825780355,0.0276817195669,0.0276817195669,0.0484427497292,0.0484427497292,0.0207613761795,0.0242215478732,0.0415224063418,0.0380622346481,0.0346020629544,0.0553630931167,0.0484427497292,0.0311418912606
90,0.0404166578125,0.0304166703125,0.0358333302083,0.0329166671875,0.0312500026042,0.0337499994792,0.0349999979167,0.029166671875,0.0300000041667,0.0312500026042,0.039166659375,0.0325000010417,0.0362499963542,0.0300000041667,0.0304166703125,0.034166665625,0.0362499963542,0.0345833317708,0.0308333364583,0.0312500026042,0.0333333333333,0.0320833348958,0.0320833348958,0.0333333333333,0.0312500026042,0.0304166703125,0.0445833192709,0.03166666875,0.0349999979167,0.0308333364583
91,0.0314637559627,0.0287277890788,0.0341997228466,0.0424076234981,0.0369356897304,0.0273598056369,0.0232558553111,0.0341997228466,0.0396716566143,0.0300957725208,0.0355677062885,0.0410396400562,0.0383036731723,0.0328317394046,0.0273598056369,0.0341997228466,0.0300957725208,0.0300957725208,0.0383036731723,0.0314637559627,0.0410396400562,0.0328317394046,0.0355677062885,0.0314637559627,0.0355677062885,0.0369356897304,0.0246238387531,0.0328317394046,0.0314637559627,0.0300957725208
92,0.025185221399,0.0311111209876,0.0370370205762,0.0355555456791,0.0370370205762,0.0222222716047,0.0429629201648,0.0503702946505,0.0355555456791,0.0296296460905,0.0266666962962,0.0503702946505,0.0340740707819,0.0385184954734,0.0281481711933,0.0296296460905,0.025185221399,0.0325925958848,0.0296296460905,0.0222222716047,0.0385184954734,0.0429629201648,0.0429629201648,0.0311111209876,0.0281481711933,0.0370370205762,0.0207407967076,0.0311111209876,0.0340740707819,0.0296296460905
93,0.047445100966,0.0328467206563,0.0364963157338,0.00729955511436,0.0437955058886,0.0255475305015,0.0364963157338,0.0401459108112,0.0182483403466,0.0510946960435,0.0291971255789,0.0401459108112,0.0437955058886,0.0291971255789,0.0437955058886,0.0364963157338,0.0547442911209,0.0437955058886,0.0328467206563,0.00729955511436,0.0401459108112,0.0364963157338,0.047445100966,0.0255475305015,0.0255475305015,0.0401459108112,0.0109491501918,0.0145987452692,0.0218979354241,0.0364963157338
94,0.0255570270832,0.0288335606155,0.0314547874414,0.0242464136702,0.0353866276803,0.0353866276803,0.0301441740285,0.0347313209738,0.0380078545062,0.0334207075609,0.0380078545062,0.0360419343868,0.0321100941479,0.0393184679191,0.0347313209738,0.0373525477997,0.0321100941479,0.0386631612127,0.0334207075609,0.030799480735,0.0360419343868,0.0399737746256,0.0222804935508,0.0360419343868,0.030799480735,0.0334207075609,0.0327654008544,0.0334207075609,0.0235911069637,0.041939694745
95,0.032233310284,0.0406753476393,0.0299309364599,0.0268611046943,0.0299309364599,0.0314658523426,0.0368380579323,0.0283960205771,0.0368380579323,0.0468150111704,0.0260936467529,0.0291634785185,0.0376055158737,0.042210263522,0.0253261888115,0.0299309364599,0.0345356841082,0.0260936467529,0.0345356841082,0.0253261888115,0.0345356841082,0.0253261888115,0.0306983944012,0.0376055158737,0.0345356841082,0.042210263522,0.0391404317565,0.0283960205771,0.0391404317565,0.0376055158737
96,0.0328767127979,0.0359589014121,0.0308219203884,0.0339041090026,0.0321917819947,0.0339041090026,0.0339041090026,0.0321917819947,0.0301369895853,0.0339041090026,0.0315068511916,0.0349315052074,0.0301369895853,0.0339041090026,0.0232876815538,0.03767122842,0.0352739706089,0.0321917819947,0.0339041090026,0.0404109516326,0.0352739706089,0.0414383478373,0.0321917819947,0.0328767127979,0.0318493165932,0.0328767127979,0.0321917819947,0.0339041090026,0.0294520587821,0.0349315052074
97,0.0305676880049,0.0299854468832,0.0343522552964,0.0363900992226,0.0294032057614,0.0340611347355,0.0346433758573,0.0340611347355,0.0285298440787,0.0360989786617,0.0337700141747,0.0314410496876,0.0334788936138,0.0384279431488,0.0334788936138,0.0395924253924,0.030276567444,0.0308588085658,0.0358078581009,0.027947602957,0.0323144113702,0.0337700141747,0.0311499291267,0.0343522552964,0.0326055319311,0.0360989786617,0.0407569076359,0.0331877730529,0.0308588085658,0.0317321702485
98,0.048484756658,0.0242424793385,0.032323238445,0.0383838077749,0.0383838077749,0.048484756658,0.0343434282216,0.0282828588918,0.0262626691151,0.0303030486684,0.0303030486684,0.0303030486684,0.0202020997853,0.032323238445,0.0303030486684,0.0383838077749,0.0404039975515,0.0202020997853,0.0343434282216,0.0262626691151,0.0282828588918,0.0404039975515,0.0404039975515,0.0363636179983,0.0404039975515,0.032323238445,0.0363636179983,0.0303030486684,0.0404039975515,0.0222222895619
99,0.0279255373083,0.0329122344625,0.0349069133242,0.0285904302622,0.0342420203703,0.0315824485547,0.0312500020778,0.0355718062781,0.0302526626469,0.0378989316168,0.0339095738934,0.0335771274164,0.0335771274164,0.0345744668473,0.0372340386629,0.0272606443544,0.0322473415086,0.0335771274164,0.029587769693,0.0322473415086,0.0352393598012,0.0392287175246,0.0345744668473,0.02992021617,0.0309175556008,0.0329122344625,0.0335771274164,0.0345744668473,0.0385638245707,0.0375664851398
100,0.0282398511723,0.0324951653828,0.0394584068181,0.0297872381579,0.0332688588756,0.0371373263397,0.0348162458612,0.0328820121292,0.0309477783972,0.0290135446651,0.0344293991148,0.0363636328468,0.0352030926076,0.03172147189,0.0305609316508,0.0363636328468,0.0348162458612,0.0382978665789,0.0294003914115,0.0282398511723,0.0348162458612,0.0340425523684,0.0386847133253,0.0379110198325,0.0363636328468,0.0282398511723,0.0324951653828,0.0313346251436,0.0305609316508,0.0321083186364
101,0.0367646806519,0.0318627559111,0.0343137182815,0.0269608311704,0.044117567763,0.0343137182815,0.0343137182815,0.0269608311704,0.0269608311704,0.0392156430222,0.0514704548741,0.0416666053926,0.0367646806519,0.0416666053926,0.0147060193185,0.0220589064296,0.0465685301334,0.0465685301334,0.0416666053926,0.0122550569481,0.0245098688,0.0318627559111,0.0318627559111,0.0318627559111,0.0367646806519,0.0392156430222,0.0367646806519,0.0294117935407,0.0245098688,0.0220589064296
102,0.0327834182846,0.0293993256772,0.0353214877402,0.0340524530124,0.0340524530124,0.0376480514078,0.0321489009207,0.0348984761642,0.0393400977114,0.0310913719809,0.0313028777689,0.0321489009207,0.0287648083134,0.0274957735856,0.0298223372532,0.0332064298606,0.0353214877402,0.0365905224679,0.030879866193,0.0336294414365,0.0374365456198,0.0342639588004,0.0304568546171,0.0338409472244,0.0365905224679,0.0325719124967,0.0332064298606,0.0353214877402,0.0334179356485,0.0329949240726
103,0.0999933339999,0.0666633336666,0.0333333333333,0.0333333333333,3.33300003333e-06,0.0333333333333,0.0333333333333,0.0666633336666,0.0333333333333,0.0333333333333,0.0333333333333,3.33300003333e-06,3.33300003333e-06,0.0999933339999,0.0333333333333,0.0333333333333,0.0333333333333,3.33300003333e-06,0.0999933339999,3.33300003333e-06,0.0333333333333,3.33300003333e-06,0.0333333333333,0.0333333333333,3.33300003333e-06,0.0333333333333,0.0333333333333,0.0666633336666,3.33300003333e-06,3.33300003333e-06
104,0.0391221208336,0.0295801634156,0.041984708059,0.0219465974811,0.0343511421246,0.0333969463828,0.0391221208336,0.0343511421246,0.027671771932,0.0333969463828,0.0391221208336,0.03721372935,0.0238549889647,0.0219465974811,0.0286259676738,0.0267175761901,0.0314885548992,0.0362595336082,0.0267175761901,0.032442750641,0.027671771932,0.0486640782517,0.0343511421246,0.0333969463828,0.032442750641,0.0333969463828,0.0267175761901,0.0438930995427,0.0410305123172,0.0391221208336
105,0.0351023797296,0.0417885393374,0.0330129548521,0.0313414149502,0.0376096895825,0.0321771849011,0.0338487248031,0.0296698750482,0.0254910252933,0.0325950698766,0.0267446802198,0.0338487248031,0.0359381496805,0.0309235299747,0.038027574558,0.0392812294845,0.0346844947541,0.0342666097786,0.0342666097786,0.0279983351463,0.0317592999257,0.0300877600237,0.037191804607,0.0330129548521,0.0430421942639,0.0384454595335,0.0250731403178,0.0321771849011,0.0292519900727,0.0313414149502
106,0.0303819482874,0.0325520843506,0.0338541659885,0.0360243020517,0.0329861115632,0.0282118122242,0.0238715400978,0.0308159755,0.0373263836896,0.0329861115632,0.0316840299253,0.0316840299253,0.0290798666495,0.0399305469654,0.036892356477,0.0347222204138,0.0412326286033,0.0321180571379,0.0399305469654,0.0342881932011,0.0386284653275,0.0338541659885,0.0325520843506,0.0295138938621,0.026041676161,0.0373263836896,0.0338541659885,0.0355902748391,0.0286458394368,0.0334201387759
107,0.0319881909623,0.0310039404469,0.0359251930238,0.0418306961161,0.0374015687969,0.0334645667354,0.0300196899316,0.0275590636431,0.0383858193123,0.0339566919931,0.024606312097,0.0290354394162,0.03248031622,0.0334645667354,0.0280511889008,0.0339566919931,0.03248031622,0.0369094435392,0.0334645667354,0.03248031622,0.0359251930238,0.0270669383854,0.0354330677661,0.0334645667354,0.0354330677661,0.0354330677661,0.0300196899316,0.0428149466315,0.0305118151892,0.0354330677661
108,0.0203391151954,0.0406778914113,0.0338982993393,0.0305085033034,0.0237289112314,0.0237289112314,0.0338982993393,0.0474574834832,0.0271187072674,0.0372880953753,0.0338982993393,0.0305085033034,0.0305085033034,0.0508472795192,0.0305085033034,0.0271187072674,0.0271187072674,0.0305085033034,0.0305085033034,0.0237289112314,0.0508472795192,0.0169493191595,0.0372880953753,0.0203391151954,0.0406778914113,0.0440676874472,0.0508472795192,0.0372880953753,0.0406778914113,0.0271187072674
109,0.0369299197353,0.0309232496619,0.0322580652338,0.0311457189239,0.0369299197353,0.0378197967832,0.0349276963775,0.0331479422817,0.0371523889973,0.0329254730197,0.0329254730197,0.0311457189239,0.0289210263041,0.0304783111379,0.0318131267098,0.029810903352,0.0347052271155,0.0358175734254,0.029810903352,0.0320355959718,0.0282536185182,0.0342602885916,0.0358175734254,0.0329254730197,0.0338153500676,0.0318131267098,0.040044489403,0.0329254730197,0.0331479422817,0.0353726349015
110,0.025089694376,0.03942645778,0.043010648631,0.0215055035251,0.032258076078,0.043010648631,0.0143371218231,0.025089694376,0.028673885227,0.0215055035251,0.025089694376,0.050179030333,0.0179213126741,0.0215055035251,0.043010648631,0.046594839482,0.043010648631,0.046594839482,0.035842266929,0.028673885227,0.028673885227,0.046594839482,0.050179030333,0.043010648631,0.025089694376,0.035842266929,0.050179030333,0.0179213126741,0.032258076078,0.0179213126741
111,0.0376838175315,0.0303308864923,0.0321691192521,0.0317095610622,0.0312500028722,0.0367647011516,0.0367647011516,0.0275735373527,0.0266544209728,0.0372242593416,0.0303308864923,0.033547793822,0.033088235632,0.0390624921013,0.0344669102019,0.0321691192521,0.0399816084812,0.0257353045929,0.0376838175315,0.0340073520119,0.0303308864923,0.033088235632,0.024816188213,0.0395220502913,0.0344669102019,0.0312500028722,0.033088235632,0.033088235632,0.0321691192521,0.0399816084812
112,0.0344827568721,0.032961461012,0.0370182499722,0.033975658252,0.0324543623919,0.0360040527322,0.0319472637719,0.0380324472123,0.0319472637719,0.0278904748117,0.033975658252,0.033975658252,0.0349898554921,0.0354969541121,0.0344827568721,0.0415821375525,0.033468559632,0.0349898554921,0.033468559632,0.0319472637719,0.0314401651519,0.0314401651519,0.0309330665318,0.0370182499722,0.033975658252,0.0243407844714,0.0314401651519,0.0304259679118,0.0299188692918,0.033975658252
113,0.0530609829267,0.0571425656012,0.0244899042053,0.0204083215308,0.0285714868798,0.0244899042053,0.0367346522287,0.0489794002522,0.0163267388563,0.0244899042053,0.0408162349032,0.0204083215308,0.0285714868798,0.0408162349032,0.0326530695543,0.0367346522287,0.0204083215308,0.0285714868798,0.0448978175777,0.0408162349032,0.0244899042053,0.0326530695543,0.0285714868798,0.0367346522287,0.0326530695543,0.0326530695543,0.0204083215308,0.0408162349032,0.0489794002522,0.0326530695543
114,0.0301740849044,0.033655705622,0.0305609316508,0.0382978665789,0.0398452535645,0.0282398511723,0.0363636328468,0.033655705622,0.0332688588756,0.0371373263397,0.0352030926076,0.0297872381579,0.0328820121292,0.0328820121292,0.0305609316508,0.0390715600717,0.033655705622,0.0344293991148,0.0379110198325,0.0305609316508,0.0344293991148,0.03172147189,0.0324951653828,0.033655705622,0.0375241730861,0.0313346251436,0.0309477783972,0.0301740849044,0.0290135446651,0.0305609316508
115,0.0326633182664,0.0351758747675,0.030988280599,0.039363468936,0.0343383559338,0.0284757240978,0.0343383559338,0.0226130922619,0.0376884312686,0.0368509124349,0.0318257994327,0.0326633182664,0.0284757240978,0.0284757240978,0.030988280599,0.030988280599,0.0460636196056,0.0343383559338,0.0376884312686,0.0343383559338,0.0335008371001,0.025125648763,0.0326633182664,0.0326633182664,0.0351758747675,0.0410385066034,0.0326633182664,0.039363468936,0.0284757240978,0.030988280599
116,0.0318402614567,0.0329195905241,0.0345385841253,0.0323799259904,0.0329195905241,0.0383162358615,0.0345385841253,0.0339989195916,0.0323799259904,0.0329195905241,0.0313005969229,0.0296816033217,0.0334592550579,0.0334592550579,0.0329195905241,0.0334592550579,0.0275229451868,0.0296816033217,0.0356179131928,0.0329195905241,0.0453318748,0.0356179131928,0.0318402614567,0.0388559003952,0.037236906794,0.0334592550579,0.0286022742543,0.0329195905241,0.0280626097205,0.0313005969229
117,0.0289855450532,0.0492752236937,0.020289968493,0.0289855450532,0.0289855450532,0.0289855450532,0.0231884940131,0.0347825960934,0.0376811216134,0.0434781726536,0.0405796471335,0.0318840705733,0.0376811216134,0.0463766981736,0.0376811216134,0.0376811216134,0.0289855450532,0.0376811216134,0.0318840705733,0.0260870195332,0.0260870195332,0.0289855450532,0.0289855450532,0.017391442973,0.0347825960934,0.0289855450532,0.0405796471335,0.0463766981736,0.0318840705733,0.0347825960934
118,0.0318877562083,0.0306122469804,0.0367346912745,0.0331632654363,0.0364795894289,0.0288265340613,0.0326530617451,0.0336734691274,0.0377550986568,0.0321428580539,0.0331632654363,0.0326530617451,0.0357142838921,0.0397959134215,0.0364795894289,0.0306122469804,0.0267857192966,0.0285714322157,0.0372448949656,0.0272959229878,0.0346938765098,0.0321428580539,0.0316326543628,0.0377550986568,0.0359693857377,0.0341836728186,0.0374999968112,0.0321428580539,0.0329081635907,0.0288265340613
119,0.030850268961,0.030850268961,0.0406320377004,0.042889368948,0.0331076002086,0.0285929377135,0.0293453814626,0.0406320377004,0.0270880502151,0.0300978252118,0.0300978252118,0.030850268961,0.0331076002086,0.0361173752053,0.0293453814626,0.0391271502021,0.0338600439578,0.0316027127102,0.0285929377135,0.0391271502021,0.0316027127102,0.0338600439578,0.0270880502151,0.0255831627167,0.0443942564464,0.0293453814626,0.0353649314561,0.042889368948,0.034612487707,0.0293453814626
120,0.0344826397269,0.0689618315347,0.0344826397269,3.44791918077e-06,3.44791918077e-06,0.0689618315347,0.103441023342,0.0344826397269,3.44791918077e-06,3.44791918077e-06,0.0344826397269,0.0344826397269,0.0689618315347,3.44791918077e-06,0.0344826397269,3.44791918077e-06,3.44791918077e-06,3.44791918077e-06,0.0344826397269,3.44791918077e-06,3.44791918077e-06,0.0689618315347,0.0344826397269,0.0689618315347,3.44791918077e-06,0.0689618315347,0.172399406958,3.44791918077e-06,0.0344826397269,3.44791918077e-06
121,0.0390070318401,0.0212767240065,0.0283688471399,0.0319149087066,0.0673755243739,0.0212767240065,0.0460991549735,0.0283688471399,0.0354609702734,0.0354609702734,0.0212767240065,0.0390070318401,0.0638294628071,0.0319149087066,0.0354609702734,0.0319149087066,0.0283688471399,0.0496452165402,0.0248227855732,0.0212767240065,0.0283688471399,0.0248227855732,0.0354609702734,0.0212767240065,0.0354609702734,0.0283688471399,0.0319149087066,0.0319149087066,0.0283688471399,0.0319149087066
122,0.0364864737035,0.0351351278306,0.0391891654493,0.0337837819576,0.0472972406869,0.028378398466,0.0337837819576,0.0391891654493,0.0256757067201,0.0378378195764,0.0378378195764,0.0432432030681,0.0216216691013,0.0256757067201,0.0216216691013,0.0364864737035,0.0378378195764,0.0418918571952,0.0364864737035,0.0337837819576,0.0432432030681,0.0337837819576,0.0297297443389,0.0297297443389,0.0310810902118,0.027027052593,0.028378398466,0.0337837819576,0.0229730149743,0.027027052593
123,0.0317010321899,0.0327319592279,0.0280927875571,0.0340206180253,0.0345360815443,0.030154641633,0.0314433004304,0.0350515450632,0.0368556673796,0.0342783497848,0.0358247403417,0.0319587639494,0.0373711308986,0.0332474227468,0.0335051545063,0.0355670085822,0.0329896909874,0.029639178114,0.0337628862658,0.0335051545063,0.0335051545063,0.0350515450632,0.0378865944176,0.0335051545063,0.0309278369115,0.0345360815443,0.0324742274684,0.0293814463546,0.0335051545063,0.0329896909874
124,0.0490462573041,0.0245231967717,0.0449590805487,0.0354223347861,0.0340599425343,0.0326975502825,0.0231608045199,0.0204360200163,0.0299727657789,0.0367847270379,0.0326975502825,0.0299727657789,0.0395095115415,0.0367847270379,0.0340599425343,0.0340599425343,0.0245231967717,0.0286103735271,0.0504086495559,0.0408719037933,0.0354223347861,0.0258855890235,0.0326975502825,0.0531334340595,0.0217984122681,0.0313351580307,0.0272479812753,0.0408719037933,0.0231608045199,0.0258855890235
125,0.0344924275162,0.0328098714443,0.0288839072766,0.0294447593005,0.0350532795401,0.0339315754922,0.0333707234683,0.0339315754922,0.0288839072766,0.0336511494802,0.0358945575761,0.0398205217438,0.0305664633485,0.0322490194203,0.0328098714443,0.0280426292406,0.0356141315641,0.0344924275162,0.0356141315641,0.0384183916839,0.0288839072766,0.0347728535282,0.0322490194203,0.0328098714443,0.0342120015042,0.0330902974563,0.037577113648,0.0314077413844,0.0339315754922,0.0330902974563
126,0.025983683778,0.0363771275936,0.0289532391539,0.0363771275936,0.0371195164376,0.025983683778,0.0378619052816,0.0304380168418,0.0282108503099,0.0334075722177,0.0378619052816,0.0334075722177,0.0371195164376,0.0393466829695,0.0326651833738,0.0296956279979,0.02449890609,0.025241294934,0.0378619052816,0.0334075722177,0.0386042941256,0.0341499610617,0.0415738495014,0.0348923499057,0.0371195164376,0.0341499610617,0.0304380168418,0.0341499610617,0.0274684614659,0.0356347387497
127,0.0318181869835,0.0238636686466,0.0284091076962,0.0318181869835,0.0295454674586,0.0454545041324,0.0363636260331,0.0352272662707,0.0329545467459,0.0295454674586,0.0374999857955,0.0409090650827,0.0420454248451,0.0238636686466,0.030681827221,0.0215909491218,0.0238636686466,0.0318181869835,0.0386363455579,0.0329545467459,0.0329545467459,0.0329545467459,0.0318181869835,0.0204545893594,0.0465908638948,0.0340909065083,0.0363636260331,0.0340909065083,0.0386363455579,0.0431817846076
128,0.0329218119697,0.0226337778793,0.0329218119697,0.0339506153788,0.040123435833,0.0277777949245,0.0329218119697,0.0421810426511,0.0298354017426,0.0298354017426,0.0288065983335,0.0329218119697,0.040123435833,0.0370370256059,0.0349794187878,0.0349794187878,0.0370370256059,0.0339506153788,0.0298354017426,0.0288065983335,0.0360082221968,0.0308642051516,0.0246913846974,0.0349794187878,0.0329218119697,0.0442386494692,0.0370370256059,0.0318930085607,0.040123435833,0.0236625812883
129,0.0288714262092,0.0393700312071,0.0183728212114,0.0341207287082,0.0236221237103,0.0341207287082,0.0393700312071,0.0288714262092,0.0314960774587,0.0209974724608,0.0393700312071,0.0577425899534,0.0341207287082,0.0472439849555,0.044619333706,0.0393700312071,0.044619333706,0.0262467749598,0.0341207287082,0.0314960774587,0.0341207287082,0.0236221237103,0.0341207287082,0.0314960774587,0.0367453799576,0.0209974724608,0.0341207287082,0.0262467749598,0.0367453799576,0.0236221237103
130,0.0289957613199,0.0325318254613,0.0353606767744,0.0304101869765,0.0332390382896,0.0293493677341,0.039603953744,0.0339462511178,0.0357142831885,0.0350070703603,0.0350070703603,0.0314710062189,0.0335926447037,0.0307637933906,0.0321782190472,0.0272277292492,0.0297029741482,0.0325318254613,0.0339462511178,0.0399575601582,0.0364214960168,0.0360678896027,0.0371287088451,0.0353606767744,0.034299857532,0.0325318254613,0.0332390382896,0.0311173998047,0.0335926447037,0.0297029741482
131,0.0268457028956,0.0302013738117,0.0402683865599,0.0302013738117,0.0302013738117,0.0167786901474,0.0201343610635,0.0369127156438,0.0234900319795,0.0335570447277,0.046979728392,0.0536910702241,0.0369127156438,0.0302013738117,0.0302013738117,0.0436240574759,0.0369127156438,0.0335570447277,0.0302013738117,0.0369127156438,0.0503353993081,0.0234900319795,0.0335570447277,0.0335570447277,0.0402683865599,0.0234900319795,0.0335570447277,0.0268457028956,0.0268457028956,0.0402683865599
132,0.0239044200355,0.0278884679078,0.0292164838653,0.0318725157801,0.034528547695,0.0292164838653,0.0292164838653,0.0332005317376,0.0332005317376,0.0358565636525,0.0398406115248,0.0424966434397,0.034528547695,0.046480691312,0.0265604519504,0.0385125955673,0.0265604519504,0.0358565636525,0.0371845796099,0.0278884679078,0.0358565636525,0.0278884679078,0.034528547695,0.0332005317376,0.034528547695,0.0358565636525,0.0398406115248,0.0371845796099,0.0292164838653,0.0278884679078
133,0.0380952210885,0.0357142772109,0.0416666369049,0.0428571088437,0.0428571088437,0.0416666369049,0.029761917517,0.023809557823,0.0345238052721,0.0345238052721,0.0321428613945,0.0273809736394,0.029761917517,0.0369047491497,0.0250000297618,0.029761917517,0.0321428613945,0.0369047491497,0.0345238052721,0.029761917517,0.029761917517,0.0369047491497,0.0261905017006,0.0261905017006,0.0369047491497,0.0261905017006,0.0273809736394,0.0369047491497,0.0369047491497,0.0369047491497
134,0.0210084422003,0.0336134444954,0.0336134444954,0.0367646950692,0.040966362501,0.039915945643,0.0273109433479,0.0441176130747,0.0273109433479,0.0315126107796,0.0346638613534,0.0472688636485,0.0336134444954,0.0262605264899,0.0336134444954,0.0304621939217,0.0378151119272,0.0199580253424,0.0346638613534,0.0367646950692,0.0294117770637,0.0388655287851,0.0262605264899,0.0315126107796,0.0294117770637,0.0346638613534,0.0273109433479,0.0367646950692,0.0451680299327,0.0294117770637
135,0.0225990519935,0.0395479172669,0.0451975390248,0.0621464042982,0.0338982955091,0.0564967825404,0.0169494302356,0.0451975390248,0.0225990519935,0.0282486737513,0.0338982955091,0.0282486737513,0.0282486737513,0.0395479172669,0.0282486737513,0.0564967825404,0.0282486737513,0.0395479172669,0.0395479172669,0.0225990519935,0.0451975390248,0.0112998084778,0.0225990519935,0.0395479172669,0.0169494302356,0.0282486737513,0.0169494302356,0.0451975390248,0.0338982955091,0.0225990519935
136,0.0373865654593,0.0312159732675,0.0315789492788,0.0355716854029,0.0333938293352,0.0348457333803,0.0341197813578,0.0381125174818,0.0362976374254,0.0312159732675,0.0352087093916,0.0330308533239,0.0337568053465,0.0373865654593,0.0297640692224,0.0333938293352,0.0362976374254,0.0359346614142,0.0333938293352,0.0297640692224,0.0337568053465,0.0337568053465,0.0268602611322,0.0337568053465,0.0341197813578,0.0352087093916,0.0355716854029,0.0261343091096,0.0294010932112,0.0297640692224
137,0.0346452972105,0.033702568676,0.0344096150769,0.0353523436114,0.0311100652062,0.0344096150769,0.0334668865424,0.0362950721458,0.0313457473398,0.0351166614777,0.0360593900122,0.0315814294734,0.0344096150769,0.033702568676,0.0280461974691,0.0353523436114,0.0377091649476,0.0327598401415,0.0374734828139,0.0301673366717,0.0332312044088,0.0301673366717,0.0346452972105,0.038651893482,0.0320527937407,0.0346452972105,0.024982329732,0.0344096150769,0.0263964225338,0.033702568676
138,0.0304785152589,0.0335263637369,0.036574212215,0.0295641607155,0.035050287976,0.0313928698023,0.0359646425194,0.0274306667809,0.035050287976,0.0338311485847,0.0402316303886,0.035050287976,0.0301737304111,0.0384029213018,0.0304785152589,0.0405364152364,0.0280402364765,0.0335263637369,0.0384029213018,0.035050287976,0.0326120091935,0.0310880849545,0.0323072243457,0.0295641607155,0.0356598576716,0.036574212215,0.0310880849545,0.0316976546501,0.0310880849545,0.0295641607155
139,0.0196722655187,0.0262295780697,0.0295082343452,0.0360655468963,0.0459015157228,0.0459015157228,0.0426228594473,0.0327868906207,0.0262295780697,0.0229509217942,0.0295082343452,0.0131149529677,0.0360655468963,0.0426228594473,0.0491801719983,0.0459015157228,0.0327868906207,0.0590161408248,0.0196722655187,0.0295082343452,0.0524588282738,0.0295082343452,0.0262295780697,0.0131149529677,0.0295082343452,0.0196722655187,0.0327868906207,0.0491801719983,0.0360655468963,0.0262295780697
140,0.0454544352627,0.0363636088157,0.021212231404,0.0424241597804,0.0333333333333,0.0242425068863,0.0333333333333,0.0363636088157,0.0242425068863,0.0424241597804,0.0363636088157,0.0454544352627,0.030303057851,0.0333333333333,0.0181819559216,0.0242425068863,0.039393884298,0.0363636088157,0.0333333333333,0.0363636088157,0.030303057851,0.021212231404,0.030303057851,0.030303057851,0.0454544352627,0.0272727823686,0.0333333333333,0.0242425068863,0.0484847107451,0.0363636088157
141,0.0363247671489,0.0256410749504,0.0299145518298,0.0277778133901,0.0299145518298,0.0299145518298,0.0320512902695,0.0384615055886,0.0363247671489,0.0235043365107,0.0256410749504,0.0235043365107,0.0256410749504,0.0299145518298,0.0448717209078,0.0405982440284,0.0491451977872,0.021367598071,0.0427349824681,0.0470084593475,0.021367598071,0.0299145518298,0.0427349824681,0.0427349824681,0.0405982440284,0.0299145518298,0.0192308596312,0.0341880287092,0.0363247671489,0.0427349824681
142,0.037162149227,0.0349099045837,0.0292792929754,0.0225225590454,0.0281531706537,0.0349099045837,0.0394143938703,0.033783782262,0.0439188831569,0.037162149227,0.0382882715486,0.0259009260104,0.037162149227,0.0382882715486,0.0326576599403,0.0382882715486,0.0382882715486,0.0292792929754,0.0259009260104,0.0461711278002,0.0225225590454,0.0292792929754,0.0394143938703,0.0236486813671,0.027027048332,0.0405405161919,0.0349099045837,0.0326576599403,0.0394143938703,0.0191441920804
143,0.0192309319508,0.0307692603547,0.0307692603547,0.0192309319508,0.0269231508867,0.0346153698227,0.0576920266305,0.0192309319508,0.0346153698227,0.0499998076945,0.0307692603547,0.0230770414188,0.0576920266305,0.0499998076945,0.0346153698227,0.0346153698227,0.0230770414188,0.0499998076945,0.0269231508867,0.0269231508867,0.0307692603547,0.0307692603547,0.0384614792906,0.0423075887586,0.0230770414188,0.0423075887586,0.0384614792906,0.0269231508867,0.0230770414188,0.0230770414188
144,0.0337595905748,0.0347826079543,0.0318840587123,0.0359761282305,0.0318840587123,0.0306905384362,0.0315430529192,0.0347826079543,0.0296675210567,0.0305200355396,0.0327365731953,0.0344416021612,0.039045180369,0.0371696485066,0.0291560123669,0.0323955674021,0.0323955674021,0.0334185847816,0.0305200355396,0.0329070760919,0.0381926658861,0.0344416021612,0.0381926658861,0.0346121050577,0.0366581398168,0.0313725500226,0.0325660702987,0.0315430529192,0.0310315442294,0.0317135558157
145,0.0343316278324,0.0277574933263,0.0288531824107,0.0343316278324,0.0328707090533,0.0372534653907,0.0317750199689,0.0361577763063,0.0346968575272,0.0332359387481,0.0365230060011,0.0325054793585,0.0357925466115,0.0346968575272,0.0368882356959,0.0273922636316,0.0361577763063,0.0343316278324,0.0368882356959,0.0336011684428,0.0354273169167,0.0270270339368,0.0321402496637,0.0277574933263,0.0332359387481,0.0325054793585,0.0379839247802,0.0325054793585,0.0306793308846,0.0346968575272
146,0.0317527539127,0.0402201436662,0.0334462318634,0.0279424285236,0.0334462318634,0.0338696013511,0.0448772080306,0.0275190590359,0.031329384425,0.0317527539127,0.0364098182771,0.0368331877648,0.0270956895482,0.0334462318634,0.0304826454496,0.0254022115975,0.0355630793018,0.032599492888,0.0347163403264,0.0309060149373,0.0338696013511,0.0342929708387,0.0351397098141,0.0381032962278,0.0334462318634,0.0347163403264,0.0376799267401,0.0266723200606,0.0334462318634,0.0330228623757
147,0.0270270781588,0.0405404821042,0.0297297589479,0.0432431628933,0.0459458436823,0.0189190357916,0.0297297589479,0.032432439737,0.0108109934244,0.0243243973698,0.0243243973698,0.0270270781588,0.0432431628933,0.0270270781588,0.0378378013151,0.0513512052605,0.0243243973698,0.0540538860496,0.0432431628933,0.0216217165807,0.0216217165807,0.0270270781588,0.035135120526,0.0405404821042,0.0459458436823,0.0459458436823,0.0297297589479,0.0486485244714,0.0189190357916,0.0297297589479
148,0.0437636076787,0.0328227604633,0.0371990993495,0.0328227604633,0.026258252134,0.0196937438047,0.0328227604633,0.0481399465649,0.026258252134,0.026258252134,0.0415754382356,0.0415754382356,0.0350109299064,0.0371990993495,0.0415754382356,0.050328116008,0.0196937438047,0.0306345910202,0.0328227604633,0.0459517771218,0.0284464215771,0.0371990993495,0.0350109299064,0.0284464215771,0.0153174049186,0.0306345910202,0.0371990993495,0.0240700826909,0.026258252134,0.0350109299064
149,0.0353246742902,0.035151514207,0.0337662335414,0.0315151524597,0.0323809528757,0.034285713791,0.0313419923765,0.0335930734581,0.0386147158711,0.034285713791,0.0313419923765,0.0344588738742,0.0339393936246,0.0337662335414,0.0332467532917,0.0299567117108,0.0339393936246,0.0322077927925,0.0325541129589,0.0374025952887,0.0318614726261,0.0339393936246,0.0299567117108,0.034285713791,0.0344588738742,0.03099567221,0.0368831150391,0.0308225121268,0.0311688322932,0.0325541129589
150,0.0428014458975,0.0505834562242,0.0428014458975,0.0389104407342,0.0233464200807,0.0194554149173,0.0194554149173,0.0311284304074,0.0272374252441,0.0466924510609,0.0350194355708,0.0233464200807,0.0466924510609,0.0194554149173,0.00778239942724,0.0428014458975,0.0350194355708,0.0272374252441,0.0272374252441,0.0544744613876,0.0311284304074,0.0389104407342,0.0389104407342,0.0311284304074,0.0428014458975,0.015564409754,0.0350194355708,0.0466924510609,0.0233464200807,0.0350194355708
151,0.0326797390961,0.0334967318926,0.0337690628248,0.0348583865536,0.0351307174858,0.0359477102824,0.0324074081639,0.0305010916385,0.0334967318926,0.035403048418,0.0343137246892,0.0321350772317,0.0326797390961,0.0302287607064,0.034041393757,0.0370370340111,0.0367647030789,0.0299564297742,0.0313180844351,0.0315904153673,0.0329520700283,0.034041393757,0.0315904153673,0.0280501132488,0.035403048418,0.0329520700283,0.0351307174858,0.0332244009605,0.0367647030789,0.0321350772317
152,0.0347769014663,0.0321522321336,0.0344488177997,0.0337926504666,0.0383858217987,0.0393700727985,0.0354330687995,0.0354330687995,0.0305118138007,0.0305118138007,0.0288713954678,0.0357611524661,0.0331364831334,0.0308398974673,0.0301837301341,0.0347769014663,0.0334645668,0.0347769014663,0.0341207341331,0.0301837301341,0.0370734871324,0.0298556464675,0.0291994791344,0.0331364831334,0.0410104911314,0.0328083994668,0.029527562801,0.0347769014663,0.0334645668,0.0282152281346
153,0.0360360177747,0.022522595568,0.0360360177747,0.0382882548091,0.0472972029468,0.0292793066714,0.0405404918435,0.0292793066714,0.0337837807402,0.0360360177747,0.0382882548091,0.0360360177747,0.0270270696369,0.0157658844647,0.042792728878,0.0450449659124,0.0180181214992,0.0360360177747,0.0292793066714,0.022522595568,0.0315315437058,0.0337837807402,0.0360360177747,0.0405404918435,0.042792728878,0.0337837807402,0.0382882548091,0.0247748326025,0.0180181214992,0.0405404918435
154,0.0292524421245,0.0314192870141,0.0361141176084,0.0350306951636,0.0368363992383,0.0343084135337,0.0339472727187,0.0317804278291,0.0390032441279,0.0371975400532,0.0343084135337,0.0404478073877,0.0314192870141,0.0415312298325,0.0267244564199,0.0368363992383,0.0292524421245,0.0317804278291,0.0285301604946,0.0350306951636,0.032141568644,0.0339472727187,0.0292524421245,0.0303358645693,0.0310581461992,0.0299747237544,0.0317804278291,0.0390032441279,0.032502709459,0.0292524421245
155,0.0303867452153,0.0325966863038,0.0303867452153,0.0397789948414,0.0193370397729,0.0320442010317,0.0364640832087,0.0392265095693,0.0320442010317,0.0359115979366,0.0342541421202,0.0370165684808,0.0292817746711,0.0419889359299,0.0320442010317,0.0348066273923,0.0353591126645,0.0281768041268,0.0381215390251,0.0364640832087,0.024309407222,0.0309392304875,0.0270718335826,0.0392265095693,0.0320442010317,0.0337016568481,0.0314917157596,0.0303867452153,0.0436463917463,0.0314917157596
156,0.0335008374007,0.0385259594214,0.0313472136775,0.0330222543511,0.0299114645287,0.0330222543511,0.0325436713015,0.0303900475783,0.0327829628263,0.0303900475783,0.0311079221527,0.0320650882519,0.0337401289255,0.0354151695991,0.0373295017974,0.0361330441735,0.0308686306279,0.0251256340328,0.0385259594214,0.0318257967271,0.0318257967271,0.0382866678966,0.0323043797767,0.0380473763718,0.0330222543511,0.0361330441735,0.0330222543511,0.0361330441735,0.0335008374007,0.0301507560535
157,0.029288709275,0.0360878617868,0.0360878617868,0.0287656975434,0.0350418383235,0.0387029204452,0.0355648500552,0.0360878617868,0.02771967408,0.0324267796651,0.0298117210067,0.02771967408,0.0266736506167,0.0392259321769,0.0329497913968,0.0360878617868,0.0339958148601,0.0329497913968,0.0345188265918,0.0397489439086,0.0397489439086,0.0334728031284,0.02771967408,0.0298117210067,0.0355648500552,0.0376568969819,0.0308577444701,0.029288709275,0.0355648500552,0.0308577444701
158,0.0300991535774,0.0318696899401,0.0354107626656,0.0350566553931,0.0276204026695,0.0361189772107,0.034348440848,0.0336402263029,0.0368271917558,0.0300991535774,0.0315155826676,0.0371812990284,0.0375354063009,0.0350566553931,0.0290368317597,0.0276204026695,0.0357648699382,0.0336402263029,0.0322237972127,0.034348440848,0.034348440848,0.0378895135735,0.0378895135735,0.0308073681225,0.031161475395,0.0258498663068,0.0364730844833,0.0368271917558,0.0315155826676,0.0322237972127
159,0.0354501943561,0.0363201372422,0.0363201372422,0.0343627657485,0.0300130513181,0.0313179656473,0.0326228799764,0.0317529370903,0.033710308584,0.0343627657485,0.0339277943055,0.0302305370397,0.0297955655966,0.0315354513688,0.0308829942042,0.033710308584,0.0319704228118,0.0352327086346,0.0311004799257,0.0350152229131,0.0315354513688,0.0343627657485,0.0350152229131,0.033710308584,0.0332753371409,0.0356676800776,0.0361026515207,0.033710308584,0.0313179656473,0.0356676800776
160,0.0547729822865,0.0344287898492,0.0391236034886,0.0328638519694,0.02816903833,0.0422534792481,0.0266041004502,0.035993727729,0.0344287898492,0.0344287898492,0.0203443489311,0.0234742246907,0.0297339762098,0.0422534792481,0.0344287898492,0.0266041004502,0.035993727729,0.02816903833,0.0375586656088,0.035993727729,0.0250391625704,0.0312989140896,0.0375586656088,0.0391236034886,0.0234742246907,0.0266041004502,0.02816903833,0.0328638519694,0.0391236034886,0.0391236034886
161,0.0318352144089,0.0280899170978,0.0205993224757,0.0374531603755,0.03558051172,0.0468164036532,0.0505617009642,0.0337078630644,0.039325809031,0.0337078630644,0.03558051172,0.0224719711312,0.0205993224757,0.0299625657534,0.0280899170978,0.03558051172,0.0430711063421,0.0280899170978,0.0262172684423,0.0430711063421,0.039325809031,0.0187266738202,0.0430711063421,0.0411984576866,0.0224719711312,0.0374531603755,0.0337078630644,0.0280899170978,0.03558051172,0.0299625657534
162,0.0328886135073,0.0335091527994,0.0285448384628,0.0279242991707,0.0307167259851,0.0335091527994,0.0353707706757,0.0316475349232,0.0347502313836,0.0291653777548,0.0335091527994,0.0335091527994,0.0400248153663,0.0347502313836,0.0335091527994,0.0328886135073,0.03816319749,0.0307167259851,0.0350605010296,0.0294756474009,0.0319578045692,0.0335091527994,0.0372323885519,0.0285448384628,0.0397145457202,0.0335091527994,0.0341296920915,0.0384734671361,0.0331988831534,0.030096186693
163,0.0301705332262,0.0249234915739,0.0297332797552,0.0362920818206,0.0371665887627,0.0445998977701,0.0345430679365,0.0236117311608,0.0362920818206,0.0301705332262,0.0336685609945,0.0362920818206,0.0292960262842,0.0310450401683,0.0362920818206,0.0288587728132,0.0332313075234,0.0323568005814,0.0310450401683,0.0406646165309,0.0319195471103,0.0327940540524,0.0384783491758,0.0349803214075,0.0301705332262,0.0459116581832,0.0310450401683,0.027109758929,0.0306077866973,0.0367293352916
164,0.0371746997693,0.0223048942106,0.0260223456003,0.02973979699,0.0241636199055,0.0353159740745,0.02973979699,0.0241636199055,0.0446096025487,0.0223048942106,0.0390334254642,0.0334572483797,0.0315985226848,0.0446096025487,0.0427508768538,0.0390334254642,0.0371746997693,0.0278810712951,0.0353159740745,0.0371746997693,0.0464683282435,0.0315985226848,0.0390334254642,0.0223048942106,0.0241636199055,0.0371746997693,0.0315985226848,0.0278810712951,0.0241636199055,0.052044505328
165,0.0322580651468,0.0316715552268,0.0301075287737,0.0346041048265,0.0344086015199,0.035972627973,0.0324535684534,0.0320625618401,0.0326490717601,0.0349951114398,0.0316715552268,0.0312805486136,0.0326490717601,0.0336265882933,0.0347996081332,0.0353861180531,0.0351906147465,0.0328445750667,0.0314760519202,0.0287390056272,0.036559137893,0.0338220915999,0.0322580651468,0.036559137893,0.029912025467,0.0349951114398,0.0314760519202,0.0363636345863,0.0347996081332,0.0344086015199
166,0.0214288265251,0.0571423469497,0.035714234695,0.0214288265251,0.0214288265251,0.0285715306101,0.0285715306101,0.0285715306101,0.0142861224402,0.0642850510346,0.0142861224402,0.035714234695,0.035714234695,0.0285715306101,0.0214288265251,0.035714234695,0.0571423469497,0.035714234695,0.035714234695,0.035714234695,0.0285715306101,0.0142861224402,0.0214288265251,0.0499996428648,0.0214288265251,0.0214288265251,0.0214288265251,0.0642850510346,0.0571423469497,0.0428569387799
167,0.044976043131,0.0277512121975,0.0392344328198,0.0267942771456,0.0296650823012,0.0248804070419,0.0382774977679,0.0363636276642,0.0267942771456,0.0401913678717,0.0325358874568,0.0277512121975,0.0363636276642,0.0325358874568,0.0229665369382,0.0411483029235,0.0325358874568,0.0277512121975,0.0392344328198,0.0287081472493,0.0392344328198,0.0373205627161,0.0267942771456,0.0363636276642,0.0306220173531,0.0258373420938,0.0325358874568,0.0421052379754,0.0344497575605,0.0382774977679
168,0.0419579967238,0.0472027244612,0.0384615115655,0.0419579967238,0.0349650264072,0.0472027244612,0.0279720560906,0.0314685412489,0.0419579967238,0.0314685412489,0.0314685412489,0.0384615115655,0.0227273283532,0.0367132689864,0.0367132689864,0.0437062393029,0.0279720560906,0.0227273283532,0.0419579967238,0.0244755709323,0.0332167838281,0.0244755709323,0.0279720560906,0.0227273283532,0.0332167838281,0.020979085774,0.0262238135115,0.0279720560906,0.0384615115655,0.0332167838281
169,0.0181822313937,0.0272728925575,0.0272728925575,0.0363635537213,0.0272728925575,0.0545448760488,0.0363635537213,0.0363635537213,0.0636355372126,0.0363635537213,0.0363635537213,0.0181822313937,0.0181822313937,0.0363635537213,0.0090915702299,0.0181822313937,0.0272728925575,0.0272728925575,0.045454214885,0.0636355372126,9.09066116379e-07,0.045454214885,0.0090915702299,0.0545448760488,0.0090915702299,0.0272728925575,0.0272728925575,0.090907520704,0.0545448760488,0.0181822313937
170,0.0308129906521,0.0279687167798,0.033183218879,0.0334202417017,0.033894287347,0.033894287347,0.0360274927512,0.0357904699286,0.0379236753328,0.0350794014605,0.0355534471059,0.0360274927512,0.0291538308932,0.0346053558151,0.036975584042,0.0319981047655,0.0324721504109,0.0303389450067,0.033183218879,0.0350794014605,0.0305759678294,0.030101922184,0.0374496296874,0.0317610819428,0.0334202417017,0.0315240591201,0.0291538308932,0.0360274927512,0.0308129906521,0.0357904699286
171,0.031409045481,0.0347535256274,0.0309728089402,0.0306819845796,0.0316998698416,0.034026464726,0.033008579464,0.0337356403654,0.0325723429232,0.0379525935935,0.0332994038246,0.0316998698416,0.0327177551035,0.0319906942021,0.031409045481,0.0338810525457,0.0319906942021,0.0311182211205,0.0376617692329,0.0363530596104,0.0331539916443,0.0348989378076,0.0306819845796,0.0348989378076,0.0343172890865,0.0348989378076,0.0327177551035,0.0338810525457,0.0346081134471,0.033008579464
172,0.0316535441007,0.0333858267469,0.0321259848224,0.0360629908364,0.0318110243412,0.0357480303553,0.0363779513175,0.0329133860252,0.0296063009734,0.0354330698741,0.0321259848224,0.0314960638601,0.0355905501147,0.0335433069874,0.035118109393,0.0324409453035,0.033700787228,0.0370078722797,0.0322834650629,0.0348031489119,0.0363779513175,0.0314960638601,0.0341732279497,0.0310236231384,0.0344881884308,0.0322834650629,0.0333858267469,0.0346456686713,0.0303937021762,0.0285039392895
173,0.0317545756613,0.0335486184704,0.0310369585377,0.0287047028859,0.0371367040886,0.0299605328522,0.0326515970659,0.0326515970659,0.0355220655604,0.0326515970659,0.0335486184704,0.0294223200095,0.0353426612795,0.032472192785,0.0340868313132,0.0349838527177,0.0342662355941,0.0346250441559,0.032472192785,0.0321133842232,0.0331898099086,0.0396483640213,0.0317545756613,0.0349838527177,0.0340868313132,0.0303193414141,0.0358808741222,0.0317545756613,0.0378543212122,0.0315751713804
174,0.0404038261467,0.0303031221276,0.090907346242,0.0202024181085,0.0303031221276,0.0101017140895,0.0505045301658,0.0303031221276,0.0202024181085,0.0707059382039,0.0303031221276,0.0606052341848,1.01007040191e-06,0.0101017140895,0.0606052341848,0.0202024181085,0.0505045301658,0.0101017140895,0.0404038261467,0.0404038261467,0.0202024181085,0.0202024181085,0.0303031221276,0.0404038261467,0.0202024181085,0.0303031221276,0.0101017140895,0.0303031221276,0.0505045301658,0.0303031221276
175,0.0307262606244,0.0321229067185,0.0274674197382,0.0381750397928,0.0325884554165,0.0372439423967,0.0330540041145,0.0297951632284,0.0414338806789,0.0307262606244,0.0372439423967,0.0409683319809,0.0358472963027,0.0344506502086,0.0293296145303,0.0302607119264,0.0367783936987,0.0293296145303,0.0386405884908,0.0297951632284,0.0325884554165,0.0307262606244,0.0353817476046,0.0381750397928,0.0339851015106,0.0358472963027,0.0311918093224,0.0344506502086,0.023277481456,0.0283985171343
176,0.0341880328183,0.0293803482153,0.037393155887,0.0352564071746,0.0336538456402,0.037393155887,0.0304487225715,0.0315170969277,0.0293803482153,0.0405982789557,0.0400640917776,0.0320512841058,0.0405982789557,0.028311973859,0.0352564071746,0.0384615302433,0.0251068507903,0.0405982789557,0.0256410379684,0.0331196584621,0.0331196584621,0.0336538456402,0.0309829097496,0.0309829097496,0.028311973859,0.0336538456402,0.028311973859,0.0352564071746,0.037393155887,0.0299145353934
177,0.0239235800443,0.0478466816266,0.0574159222595,0.0287082003608,0.0430620613101,0.0287082003608,0.0287082003608,0.0382774409937,0.0191389597279,0.0143543394114,0.0478466816266,0.0239235800443,0.0382774409937,0.0382774409937,0.0239235800443,0.0287082003608,0.0239235800443,0.0334928206772,0.052631301943,0.0334928206772,0.0287082003608,0.0287082003608,0.0382774409937,0.0239235800443,0.0382774409937,0.0382774409937,0.0334928206772,0.0287082003608,0.0430620613101,0.0239235800443
178,0.0158738472771,0.0158738472771,0.0317461073282,0.0317461073282,0.0317461073282,0.0158738472771,0.0317461073282,1.58722600511e-06,0.0476183673793,0.0793628874815,0.0476183673793,0.0634906274304,0.0158738472771,0.0634906274304,0.0317461073282,0.0158738472771,0.0476183673793,0.0158738472771,0.0793628874815,0.0317461073282,0.0317461073282,0.0317461073282,0.0476183673793,0.0317461073282,0.0476183673793,0.0158738472771,0.0317461073282,0.0158738472771,0.0158738472771,0.0158738472771
179,0.0368389759325,0.0348583868934,0.0322836211426,0.0308972088153,0.0316894444309,0.03367003347,0.035650622509,0.0342642101817,0.0394137416833,0.0362447992208,0.0312933266231,0.0318875033348,0.0324816800465,0.0312933266231,0.0362447992208,0.0316894444309,0.0291146786801,0.0364428581247,0.0303030321036,0.0326797389504,0.0310952677192,0.0305010910075,0.0332739156622,0.0334719745661,0.0348583868934,0.0342642101817,0.0318875033348,0.0328777978543,0.0358486814129,0.0326797389504
180,0.0371342055696,0.0314833512714,0.0324924323961,0.029868821472,0.0322906161712,0.0363269406699,0.0332996972958,0.0304742701468,0.0332996972958,0.0337033297457,0.0367305731197,0.0320887999462,0.0322906161712,0.03592330822,0.0349142270953,0.0316851674964,0.0363269406699,0.0347124108704,0.0367305731197,0.0337033297457,0.032896064846,0.0310797188216,0.0304742701468,0.0300706376969,0.032896064846,0.0314833512714,0.0363269406699,0.0375378380195,0.0308779025966,0.0308779025966
181,0.0351186962221,0.0311948217413,0.0341377276019,0.0327643715336,0.0335491464298,0.0341377276019,0.034922502498,0.029429078225,0.0321757903615,0.0337453401538,0.0337453401538,0.0353148899461,0.0372768271865,0.0308024342933,0.029429078225,0.0317834029134,0.0317834029134,0.0321757903615,0.0317834029134,0.0357072773942,0.0341377276019,0.0323719840855,0.03453011505,0.0337453401538,0.0378654083586,0.0339415338778,0.0319795966375,0.0357072773942,0.0370806334624,0.0276633347087
182,0.0454544667459,0.0411254905271,0.0476189548553,0.034632026199,0.0389610024177,0.0281385618708,0.023809585652,0.0432899786365,0.0367965143083,0.0367965143083,0.0281385618708,0.0194806094333,0.023809585652,0.0324675380896,0.0476189548553,0.034632026199,0.034632026199,0.0367965143083,0.0432899786365,0.0411254905271,0.034632026199,0.0216450975427,0.0303030499802,0.0216450975427,0.0216450975427,0.0259740737614,0.0324675380896,0.034632026199,0.0303030499802,0.0281385618708
183,0.0325236732931,0.029641832472,0.0279950662885,0.032935364839,0.0308769071096,0.0333470563849,0.0386990464812,0.0312885986555,0.0284067578344,0.0333470563849,0.0349938225684,0.0366405887518,0.032935364839,0.0386990464812,0.0300535240179,0.0292301409261,0.0358172056601,0.0321119817472,0.0366405887518,0.032935364839,0.0317002902014,0.0349938225684,0.0275833747426,0.0411691957564,0.0370522802977,0.0366405887518,0.0354055141142,0.0304652155638,0.0284067578344,0.0374639718436
184,0.0303205888448,0.0324449599585,0.0341830817788,0.0341830817788,0.0320587106651,0.0326380846052,0.0266512205574,0.0372730761261,0.0337968324854,0.0357280789524,0.0332174585453,0.0339899571321,0.0370799514794,0.0365005775393,0.0320587106651,0.0365005775393,0.0316724613717,0.0349555803656,0.0337968324854,0.033410583192,0.0337968324854,0.0349555803656,0.0337968324854,0.0318655860184,0.033410583192,0.0305137134915,0.0307068381382,0.0310930874316,0.035341829659,0.0320587106651
185,0.0354445077797,0.0342823934055,0.0290528787219,0.0331202790314,0.0342823934055,0.0342823934055,0.0350571363216,0.0309897360122,0.0368003078828,0.0350571363216,0.0321518503863,0.0331202790314,0.0338950219475,0.0311834217412,0.0323455361153,0.0319581646573,0.0358318792377,0.0366066221538,0.0315707931992,0.0327329075734,0.0342823934055,0.0335076504895,0.0323455361153,0.0317644789283,0.029827621638,0.0354445077797,0.0319581646573,0.0340887076765,0.0366066221538,0.0304086788251
186,0.0307828740374,0.0329364075489,0.0358500117114,0.0304028387119,0.0325563722233,0.0338231566418,0.0354699763859,0.0329364075489,0.0366100823625,0.0323030153396,0.0331897644326,0.0348365841766,0.0315429446885,0.0324296937815,0.0358500117114,0.0330630859907,0.0330630859907,0.0329364075489,0.0348365841766,0.0371167961299,0.0323030153396,0.0317963015722,0.0357233332696,0.0320496584559,0.0323030153396,0.0350899410603,0.0359766901533,0.0306561955956,0.0312895878048,0.03027616027
187,0.0329581995831,0.0309485544924,0.0335610931103,0.0291398739108,0.0325562705649,0.0349678446737,0.0367765252553,0.0335610931103,0.0337620576193,0.0319533770378,0.0313504835106,0.0305466254743,0.0355707382009,0.0361736317281,0.0309485544924,0.0305466254743,0.0363745962372,0.0313504835106,0.0361736317281,0.0343649511465,0.0353697736919,0.0353697736919,0.0313504835106,0.0381832768188,0.0325562705649,0.0331591640921,0.0319533770378,0.0301446964562,0.0343649511465,0.0339630221284
188,0.0304864399329,0.0322797586103,0.032503923445,0.0302622750982,0.0351939014612,0.037435549808,0.0331764179491,0.0293656157595,0.0304864399329,0.0336247476184,0.0340730772878,0.0331764179491,0.0327280882797,0.0293656157595,0.0342972421225,0.0327280882797,0.0322797586103,0.032503923445,0.0342972421225,0.0336247476184,0.0349697366265,0.0291414509248,0.0407980223282,0.0358663959652,0.0340730772878,0.0365388904693,0.0329522531144,0.0340730772878,0.0340730772878,0.0336247476184
189,0.0260162958555,0.0373983541544,0.0243902875271,0.0292683125123,0.0325203291691,0.0260162958555,0.0422763791396,0.0325203291691,0.0390243624828,0.0341463374975,0.0276423041839,0.0325203291691,0.0455283957964,0.035772345826,0.0341463374975,0.0292683125123,0.0487804124533,0.0276423041839,0.0341463374975,0.035772345826,0.0406503708112,0.0292683125123,0.0260162958555,0.0292683125123,0.0341463374975,0.0227642791986,0.0325203291691,0.0406503708112,0.0292683125123,0.0406503708112
190,0.0300127745727,0.0325670505424,0.0379948869781,0.0312899125576,0.0376756024819,0.0402298784516,0.0341634730235,0.0348020420159,0.0386334559705,0.0268199296105,0.0335249040311,0.0300127745727,0.0325670505424,0.0351213265121,0.0312899125576,0.0306513435651,0.0367177489932,0.0351213265121,0.0376756024819,0.0271392141068,0.0335249040311,0.0386334559705,0.0287356365878,0.0312899125576,0.0255427916257,0.0332056195348,0.0328863350386,0.0348020420159,0.0351213265121,0.0322477660462
191,0.0305206614686,0.0323159839355,0.0323159839355,0.0179534042007,0.037701951336,0.0359066288691,0.0412925962697,0.0412925962697,0.0287253390018,0.0323159839355,0.0359066288691,0.0341113064023,0.0341113064023,0.0341113064023,0.0341113064023,0.0448832412034,0.0394972738028,0.0394972738028,0.0305206614686,0.0323159839355,0.0466785636702,0.0251346940681,0.0287253390018,0.0287253390018,0.0269300165349,0.0341113064023,0.0341113064023,0.0287253390018,0.0305206614686,0.0269300165349
192,0.0317892866777,0.0336058121549,0.0299727612005,0.042688439541,0.0254314475074,0.0345140748935,0.0372388631094,0.0372388631094,0.0354223376321,0.0254314475074,0.0290644984619,0.0236149220302,0.0317892866777,0.0336058121549,0.038147125848,0.0281562357232,0.038147125848,0.0299727612005,0.0336058121549,0.0408719140638,0.0345140748935,0.0317892866777,0.0399636513252,0.0326975494163,0.0363306003708,0.0336058121549,0.0272479729846,0.0363306003708,0.0317892866777,0.0354223376321
193,0.0325732973293,0.0228014058495,0.0325732973293,0.0456024859692,0.0325732973293,0.0228014058495,0.0553743774491,0.0260587030094,0.0325732973293,0.0423451888092,0.0358305944893,0.0358305944893,0.0325732973293,0.0423451888092,0.0521170802891,0.0358305944893,0.0358305944893,0.0260587030094,0.0260587030094,0.0260587030094,0.0260587030094,0.0423451888092,0.0325732973293,0.0195441086895,0.0325732973293,0.0423451888092,0.0390878916493,0.0358305944893,0.0162868115295,0.0195441086895
194,0.0317535567485,0.0303317578221,0.0293838918712,0.0345971546012,0.0303317578221,0.0308056907976,0.0308056907976,0.0303317578221,0.0341232216258,0.0317535567485,0.0369668194785,0.0331753556748,0.0341232216258,0.0374407524539,0.0402843503066,0.0327014226994,0.0341232216258,0.0265402940185,0.0327014226994,0.0298578248467,0.0341232216258,0.0407582832821,0.036492886503,0.0331753556748,0.0355450205521,0.0274881599694,0.0360189535276,0.0322274897239,0.0360189535276,0.0360189535276
195,0.0319613713764,0.0377098153301,0.0317314336182,0.0331110601671,0.0317314336182,0.0312715581019,0.0321913091345,0.0331110601671,0.0250632386319,0.0347206244742,0.0275925539716,0.0326511846508,0.0338008734416,0.0321913091345,0.0370200020556,0.0374798775719,0.0356403755068,0.0342607489579,0.032881122409,0.0331110601671,0.0317314336182,0.0292021182786,0.0347206244742,0.029891931553,0.0321913091345,0.0361002510231,0.0409289439442,0.0358703132649,0.0331110601671,0.0370200020556
196,0.0349693221424,0.0306748515187,0.0319018431254,0.0331288347322,0.0368098095525,0.0361963137491,0.0319018431254,0.0325153389288,0.0355828179457,0.0325153389288,0.0386502969626,0.0312883473221,0.034355826339,0.0325153389288,0.034355826339,0.0361963137491,0.0349693221424,0.0276073725018,0.0312883473221,0.0257668850916,0.0337423305356,0.0331288347322,0.0325153389288,0.034355826339,0.0404907843728,0.0368098095525,0.0288343641085,0.0368098095525,0.0312883473221,0.0288343641085
197,0.0331384021294,0.0438596183442,0.0311890900904,0.0311890900904,0.0331384021294,0.0272904660123,0.0292397780513,0.0389863382466,0.0311890900904,0.0292397780513,0.0350877141685,0.0292397780513,0.0438596183442,0.0350877141685,0.0282651220318,0.0233918419342,0.0370370262075,0.0311890900904,0.0311890900904,0.0380116822271,0.0253411539732,0.036062370188,0.036062370188,0.0370370262075,0.0311890900904,0.0292397780513,0.0292397780513,0.0477582424223,0.0292397780513,0.0380116822271
198,0.0465115257504,0.0335917292631,0.0232558920732,0.0310077699656,0.0284238106681,0.0335917292631,0.0284238106681,0.038759647858,0.0361756885606,0.043927566453,0.0310077699656,0.0335917292631,0.0361756885606,0.0335917292631,0.0284238106681,0.0310077699656,0.0284238106681,0.0284238106681,0.0335917292631,0.038759647858,0.0258398513707,0.0413436071555,0.0361756885606,0.0361756885606,0.0413436071555,0.0258398513707,0.043927566453,0.0413436071555,0.0103360955858,0.0310077699656
199,0.0261067215435,0.0351872808606,0.0295119312874,0.0261067215435,0.0317820711167,0.0272417914581,0.0374574206898,0.0454029100922,0.0408626304337,0.0454029100922,0.0374574206898,0.0329171410313,0.0340522109459,0.0261067215435,0.0374574206898,0.0283768613728,0.0249716516289,0.0238365817143,0.0329171410313,0.0238365817143,0.0397275605191,0.0419977003484,0.0317820711167,0.0454029100922,0.0272417914581,0.0317820711167,0.0283768613728,0.0374574206898,0.0317820711167,0.0374574206898
